arch,recipe_actual,variant,kind,provenance,n,top1_last,top1_best,sink_fixed_canon,sink_mad_k5,oversmooth_pairwise,oversmooth_pairwise_nosink,eff_rank,cls_norm_ratio_lastblock,cls_attn_share_lastblock
vit_small,mixup,baseline,repeat,legacy-mixupdir,,78.876,78.81,15.391,13.9036,0.402203,0.449792,90.681488,0.629872,0.268546
vit_small,mixup,baseline,repeat,legacy-nomixdir,,78.56,78.56,16.0066,16.6573,0.508612,0.542372,84.441111,0.629795,0.267089
vit_small,mixup,baseline,repeat,s1,,78.862,78.956,19.6771,18.2419,0.472935,0.498103,89.294701,0.684418,0.201615
vit_small,mixup,baseline,repeat,s2,,78.582,78.664,14.8443,16.3018,0.342009,0.392935,94.590657,0.65106,0.240381
vit_small,mixup,baseline,mean,,4,78.72,78.7475,16.47975,16.27615,0.43144,0.470801,89.751989,0.648786,0.244408
vit_small,mixup,baseline,std,,4,0.172379,0.17273,2.183803,1.792494,0.07423,0.064219,4.190911,0.025776,0.031329
vit_small,mixup,registers,repeat,legacy-mixupdir,,78.252,78.25,2.5361,3.8842,0.502786,0.509852,105.603191,0.660601,0.123077
vit_small,mixup,registers,repeat,legacy-nomixdir,,78.422,78.48,3.5368,4.0394,0.502811,0.513487,105.289052,0.66662,0.109259
vit_small,mixup,registers,mean,,2,78.337,78.365,3.03645,3.9618,0.502798,0.51167,105.446121,0.663611,0.116168
vit_small,mixup,registers,std,,2,0.120208,0.162635,0.707602,0.109743,1.8e-05,0.002571,0.22213,0.004256,0.009771
vit_small,mixup,saga,repeat,legacy-mixupdir,,78.75,78.812,5.4667,11.5365,0.261662,0.287825,110.087057,0.840731,0.067037
vit_small,mixup,saga,repeat,legacy-nomixdir,,79.13,79.19,9.6784,15.7782,0.311584,0.331088,102.295213,0.797929,0.144248
vit_small,mixup,saga,repeat,s1,,79.352,79.352,10.3592,16.2175,0.336263,0.370688,98.08943,0.855741,0.140883
vit_small,mixup,saga,repeat,s2,,79.472,79.512,8.0984,14.2059,0.297756,0.343238,104.948812,0.865824,0.054917
vit_small,mixup,saga,mean,,4,79.176,79.2165,8.400675,14.434525,0.301816,0.33321,103.855128,0.840056,0.101771
vit_small,mixup,saga,std,,4,0.317377,0.300002,2.173168,2.116229,0.031149,0.034494,5.023601,0.029917,0.047384
vit_small,mixup,registers,paired_delta,legacy-mixupdir,,-0.624,-0.56,-12.8549,-10.0194,0.100583,0.06006,14.921703,0.030729,-0.145469
vit_small,mixup,registers,paired_delta,legacy-nomixdir,,-0.138,-0.08,-12.4698,-12.6179,-0.005801,-0.028884,20.847941,0.036824,-0.157831
vit_small,mixup,registers,paired_delta_mean,,2,-0.381,-0.32,-12.66235,-11.31865,0.047391,0.015588,17.884822,0.033777,-0.15165
vit_small,mixup,registers,paired_delta_se,,2,0.243,0.24,0.19255,1.29925,0.053192,0.044472,2.963119,0.003048,0.006181
vit_small,mixup,registers,significant_2xSE,,2,0,0,1,1,0,0,1,1,1
vit_small,mixup,registers,welch_t,,,-3.1639,-2.6596,-11.1927,-13.6887,1.9226,1.2708,7.4687,1.1201,-7.4905
vit_small,mixup,registers,welch_p,,,0.0498,0.1054,0.0004,0.0008,0.1502,0.2929,0.0048,0.3374,0.002
vit_small,mixup,saga,paired_delta,legacy-mixupdir,,-0.126,0.002,-9.9243,-2.3671,-0.140541,-0.161968,19.405569,0.210858,-0.201509
vit_small,mixup,saga,paired_delta,legacy-nomixdir,,0.57,0.63,-6.3282,-0.8791,-0.197028,-0.211284,17.854102,0.168134,-0.122841
vit_small,mixup,saga,paired_delta,s1,,0.49,0.396,-9.3179,-2.0244,-0.136672,-0.127415,8.794729,0.171323,-0.060733
vit_small,mixup,saga,paired_delta,s2,,0.89,0.848,-6.7459,-2.0959,-0.044253,-0.049697,10.358155,0.214764,-0.185463
vit_small,mixup,saga,paired_delta_mean,,4,0.456,0.469,-8.079075,-1.841625,-0.129624,-0.137591,14.103139,0.19127,-0.142637
vit_small,mixup,saga,paired_delta_se,,4,0.212374,0.180965,0.902887,0.329221,0.031623,0.033978,2.65188,0.01248,0.032146
vit_small,mixup,saga,significant_2xSE,,4,1,1,1,1,1,1,1,1,1
vit_small,mixup,saga,welch_t,,,2.5251,2.7096,-5.2447,-1.3281,-3.2204,-3.775,4.3114,9.687,-5.022
vit_small,mixup,saga,welch_p,,,0.0567,0.0442,0.0019,0.2337,0.032,0.0151,0.0054,0.0001,0.0036
vit_small,nomix,baseline,repeat,s1,,73.196,73.204,3.6711,3.2744,0.138781,0.141429,130.985821,1.000697,0.007824
vit_small,nomix,baseline,repeat,s2,,72.874,72.932,4.4304,2.9139,0.107244,0.109538,132.010416,0.973089,0.007006
vit_small,nomix,baseline,mean,,2,73.035,73.068,4.05075,3.09415,0.123012,0.125483,131.498119,0.986893,0.007415
vit_small,nomix,baseline,std,,2,0.227688,0.192333,0.536906,0.254912,0.0223,0.022551,0.724498,0.019521,0.000579
vit_small,nomix,saga,repeat,s1,,73.53,73.534,1.1796,3.299,0.10553,0.109133,133.893941,1.126697,0.006717
vit_small,nomix,saga,repeat,s2,,73.194,73.276,1.6855,2.3451,0.15618,0.158247,132.562381,1.018275,0.006365
vit_small,nomix,saga,mean,,2,73.362,73.405,1.43255,2.82205,0.130855,0.13369,133.228161,1.072486,0.006541
vit_small,nomix,saga,std,,2,0.237588,0.182434,0.357725,0.674509,0.035815,0.034729,0.941555,0.076666,0.000249
vit_small,nomix,saga,paired_delta,s1,,0.334,0.33,-2.4915,0.0246,-0.033251,-0.032296,2.90812,0.126001,-0.001107
vit_small,nomix,saga,paired_delta,s2,,0.32,0.344,-2.7449,-0.5688,0.048936,0.048709,0.551965,0.045186,-0.00064
vit_small,nomix,saga,paired_delta_mean,,2,0.327,0.337,-2.6182,-0.2721,0.007843,0.008207,1.730043,0.085593,-0.000874
vit_small,nomix,saga,paired_delta_se,,2,0.007,0.007,0.1267,0.2967,0.041094,0.040503,1.178078,0.040407,0.000233
vit_small,nomix,saga,significant_2xSE,,2,1,1,1,0,0,0,0,1,1
vit_small,nomix,saga,welch_t,,,1.4053,1.7978,-5.7392,-0.5337,0.2629,0.2803,2.0594,1.5301,-1.9613
vit_small,nomix,saga,welch_p,,,0.2953,0.2144,0.0394,0.6714,0.8214,0.8094,0.184,0.3477,0.2454
vit_base,mixup,baseline,repeat,legacy-nomixdir,,76.736,76.688,MISSING,10.3115,0.390096,0.397302,89.811981,0.738846,0.24372
vit_base,mixup,baseline,repeat,s1,,77.114,77.144,11.2859,9.5308,0.733151,0.763286,57.079604,0.653107,0.132294
vit_base,mixup,baseline,mean,,2,76.925,76.916,11.2859,9.92115,0.561624,0.580294,73.445793,0.695976,0.188007
vit_base,mixup,baseline,std,,2,0.267286,0.322441,MISSING,0.552038,0.242576,0.25879,23.145286,0.060627,0.07879
vit_base,mixup,registers,repeat,legacy-nomixdir,,76.126,76.31,MISSING,1.331,0.817309,0.819572,75.340905,0.684485,0.134166
vit_base,mixup,registers,mean,,1,76.126,76.31,MISSING,1.331,0.817309,0.819572,75.340905,0.684485,0.134166
vit_base,mixup,registers,std,,1,MISSING,MISSING,MISSING,MISSING,MISSING,MISSING,MISSING,MISSING,MISSING
vit_base,mixup,saga,repeat,legacy-nomixdir,,77.46,77.55,MISSING,15.1858,0.301094,0.319186,80.421729,0.868074,0.161802
vit_base,mixup,saga,repeat,s1,,77.266,77.312,4.1812,18.6731,0.323494,0.337788,81.45398,0.962441,0.127566
vit_base,mixup,saga,mean,,2,77.363,77.431,4.1812,16.92945,0.312294,0.328487,80.937855,0.915257,0.144684
vit_base,mixup,saga,std,,2,0.137179,0.168291,MISSING,2.465893,0.015839,0.013154,0.729911,0.066727,0.024209
vit_base,mixup,registers,paired_delta,legacy-nomixdir,,-0.61,-0.378,MISSING,-8.9805,0.427213,0.42227,-14.471076,-0.05436,-0.109554
vit_base,mixup,registers,paired_delta_mean,,1,-0.61,-0.378,MISSING,-8.9805,0.427213,0.42227,-14.471076,-0.05436,-0.109554
vit_base,mixup,registers,paired_delta_se,,1,MISSING,MISSING,MISSING,MISSING,MISSING,MISSING,MISSING,MISSING,MISSING
vit_base,mixup,registers,significant_2xSE,,1,MISSING,MISSING,MISSING,MISSING,MISSING,MISSING,MISSING,MISSING,MISSING
vit_base,mixup,registers,welch_t,,,MISSING,MISSING,MISSING,MISSING,MISSING,MISSING,MISSING,MISSING,MISSING
vit_base,mixup,registers,welch_p,,,MISSING,MISSING,MISSING,MISSING,MISSING,MISSING,MISSING,MISSING,MISSING
vit_base,mixup,saga,paired_delta,legacy-nomixdir,,0.724,0.862,MISSING,4.8743,-0.089002,-0.078116,-9.390252,0.129229,-0.081919
vit_base,mixup,saga,paired_delta,s1,,0.152,0.168,-7.1047,9.1423,-0.409657,-0.425498,24.374375,0.309334,-0.004729
vit_base,mixup,saga,paired_delta_mean,,2,0.438,0.515,-7.1047,7.0083,-0.24933,-0.251807,7.492062,0.219281,-0.043324
vit_base,mixup,saga,paired_delta_se,,2,0.286,0.347,MISSING,2.134,0.160327,0.173691,16.882314,0.090053,0.038595
vit_base,mixup,saga,significant_2xSE,,2,0,0,MISSING,1,0,0,0,1,0
vit_base,mixup,saga,welch_t,,,2.0618,2.0024,MISSING,3.9222,-1.4505,-1.3743,0.4575,3.4397,-0.7433
vit_base,mixup,saga,welch_p,,,0.2169,0.2231,MISSING,0.1411,0.3828,0.3996,0.7267,0.0761,0.5765
