arm,run_id,gate_mode,map_basis,layer,rho,p_spatial,p_bonferroni,null_sd,n_transforms,gate_mean_layer,gate_spatial_std_layer,comparator,note
B,abl_vits_mixup_const05_s0,const,canon,MISSING,MISSING,MISSING,MISSING,MISSING,MISSING,MISSING,MISSING,baseline=abl_vits_mixup_baseline_s0,no results/runs/abl_vits_mixup_baseline_s0/diag/diag_final_last_addr.json — run scripts/jobs/abl_derive.sbatch
B,abl_vits_mixup_const05_s0,const,mad,MISSING,MISSING,MISSING,MISSING,MISSING,MISSING,MISSING,MISSING,baseline=abl_vits_mixup_baseline_s0,no results/runs/abl_vits_mixup_baseline_s0/diag/diag_final_last_addr.json — run scripts/jobs/abl_derive.sbatch
C,abl_vits_mixup_headscalar_s0,headscalar,canon,MISSING,MISSING,MISSING,MISSING,MISSING,MISSING,MISSING,MISSING,baseline=abl_vits_mixup_baseline_s0,no results/runs/abl_vits_mixup_baseline_s0/diag/diag_final_last_addr.json — run scripts/jobs/abl_derive.sbatch
C,abl_vits_mixup_headscalar_s0,headscalar,mad,MISSING,MISSING,MISSING,MISSING,MISSING,MISSING,MISSING,MISSING,baseline=abl_vits_mixup_baseline_s0,no results/runs/abl_vits_mixup_baseline_s0/diag/diag_final_last_addr.json — run scripts/jobs/abl_derive.sbatch
D,abl_vits_mixup_layerscale_s0,layerscale,MISSING,MISSING,MISSING,MISSING,MISSING,MISSING,MISSING,MISSING,MISSING,baseline=abl_vits_mixup_baseline_s0,no gate dump (arm has no phi): no gate map exists to correlate
E,abl_vits_mixup_spatial_i0_s0,spatial,canon,MISSING,MISSING,MISSING,MISSING,MISSING,MISSING,MISSING,MISSING,baseline=abl_vits_mixup_baseline_s0,no results/runs/abl_vits_mixup_baseline_s0/diag/diag_final_last_addr.json — run scripts/jobs/abl_derive.sbatch
E,abl_vits_mixup_spatial_i0_s0,spatial,mad,MISSING,MISSING,MISSING,MISSING,MISSING,MISSING,MISSING,MISSING,baseline=abl_vits_mixup_baseline_s0,no results/runs/abl_vits_mixup_baseline_s0/diag/diag_final_last_addr.json — run scripts/jobs/abl_derive.sbatch
F,abl_vits_mixup_spatial_i4_s0,spatial,canon,MISSING,MISSING,MISSING,MISSING,MISSING,MISSING,MISSING,MISSING,baseline=abl_vits_mixup_baseline_s0,no results/runs/abl_vits_mixup_baseline_s0/diag/diag_final_last_addr.json — run scripts/jobs/abl_derive.sbatch
F,abl_vits_mixup_spatial_i4_s0,spatial,mad,MISSING,MISSING,MISSING,MISSING,MISSING,MISSING,MISSING,MISSING,baseline=abl_vits_mixup_baseline_s0,no results/runs/abl_vits_mixup_baseline_s0/diag/diag_final_last_addr.json — run scripts/jobs/abl_derive.sbatch
