class_index,name,is_background_class,baseline_iou_frac,baseline_iou_pts,registers_iou_frac,registers_iou_pts,saga_iou_frac,saga_iou_pts,registers_minus_baseline_iou_frac,registers_minus_baseline_iou_pts,saga_minus_baseline_iou_frac,saga_minus_baseline_iou_pts
0,wall,yes,0.727150,72.7150,0.719774,71.9774,0.729116,72.9116,-0.007376,-0.7376,+0.001966,+0.1966
1,"building, edifice",no,0.794988,79.4988,0.789113,78.9113,0.786777,78.6777,-0.005875,-0.5875,-0.008211,-0.8211
2,sky,yes,0.941672,94.1672,0.940429,94.0429,0.942816,94.2816,-0.001243,-0.1243,+0.001144,+0.1144
3,"floor, flooring",yes,0.760690,76.0690,0.766421,76.6421,0.766138,76.6138,+0.005731,+0.5731,+0.005448,+0.5448
4,tree,no,0.723308,72.3308,0.725898,72.5898,0.730302,73.0302,+0.002590,+0.2590,+0.006994,+0.6994
5,ceiling,no,0.809789,80.9789,0.796444,79.6444,0.811002,81.1002,-0.013345,-1.3345,+0.001213,+0.1213
6,"road, route",no,0.802830,80.2830,0.809856,80.9856,0.799150,79.9150,+0.007026,+0.7026,-0.003680,-0.3680
7,bed,no,0.808676,80.8676,0.803568,80.3568,0.804577,80.4577,-0.005108,-0.5108,-0.004099,-0.4099
8,"windowpane, window",no,0.601547,60.1547,0.580890,58.0890,0.593931,59.3931,-0.020657,-2.0657,-0.007616,-0.7616
9,grass,no,0.650673,65.0673,0.623658,62.3658,0.634895,63.4895,-0.027015,-2.7015,-0.015778,-1.5778
10,cabinet,no,0.544624,54.4624,0.506368,50.6368,0.530765,53.0765,-0.038256,-3.8256,-0.013859,-1.3859
11,"sidewalk, pavement",no,0.557888,55.7888,0.578904,57.8904,0.555379,55.5379,+0.021016,+2.1016,-0.002509,-0.2509
12,"person, individual, someone, somebody, mortal, soul",no,0.749884,74.9884,0.747445,74.7445,0.744771,74.4771,-0.002439,-0.2439,-0.005113,-0.5113
13,"earth, ground",no,0.382550,38.2550,0.412697,41.2697,0.343674,34.3674,+0.030147,+3.0147,-0.038876,-3.8876
14,"door, double door",no,0.374203,37.4203,0.380939,38.0939,0.360311,36.0311,+0.006736,+0.6736,-0.013892,-1.3892
15,table,no,0.490386,49.0386,0.484379,48.4379,0.479067,47.9067,-0.006007,-0.6007,-0.011319,-1.1319
16,"mountain, mount",no,0.607210,60.7210,0.626119,62.6119,0.601324,60.1324,+0.018909,+1.8909,-0.005886,-0.5886
17,"plant, flora, plant life",no,0.418558,41.8558,0.438491,43.8491,0.466304,46.6304,+0.019933,+1.9933,+0.047746,+4.7746
18,"curtain, drape, drapery, mantle, pall",no,0.703114,70.3114,0.673434,67.3434,0.672634,67.2634,-0.029680,-2.9680,-0.030480,-3.0480
19,chair,no,0.471141,47.1141,0.443556,44.3556,0.459471,45.9471,-0.027585,-2.7585,-0.011670,-1.1670
20,"car, auto, automobile, machine, motorcar",no,0.808094,80.8094,0.784138,78.4138,0.807594,80.7594,-0.023956,-2.3956,-0.000500,-0.0500
21,water,no,0.508312,50.8312,0.578454,57.8454,0.523751,52.3751,+0.070142,+7.0142,+0.015439,+1.5439
22,"painting, picture",no,0.625189,62.5189,0.629993,62.9993,0.643709,64.3709,+0.004804,+0.4804,+0.018520,+1.8520
23,"sofa, couch, lounge",no,0.546284,54.6284,0.503489,50.3489,0.521797,52.1797,-0.042795,-4.2795,-0.024487,-2.4487
24,shelf,no,0.400134,40.0134,0.371262,37.1262,0.390062,39.0062,-0.028872,-2.8872,-0.010072,-1.0072
25,house,no,0.402927,40.2927,0.426702,42.6702,0.337376,33.7376,+0.023775,+2.3775,-0.065551,-6.5551
26,sea,no,0.697722,69.7722,0.786131,78.6131,0.728931,72.8931,+0.088409,+8.8409,+0.031209,+3.1209
27,mirror,no,0.546261,54.6261,0.535456,53.5456,0.517842,51.7842,-0.010805,-1.0805,-0.028419,-2.8419
28,"rug, carpet, carpeting",no,0.522798,52.2798,0.554700,55.4700,0.503250,50.3250,+0.031902,+3.1902,-0.019548,-1.9548
29,field,no,0.396865,39.6865,0.450835,45.0835,0.414380,41.4380,+0.053970,+5.3970,+0.017515,+1.7515
30,armchair,no,0.352283,35.2283,0.309755,30.9755,0.305536,30.5536,-0.042528,-4.2528,-0.046747,-4.6747
31,seat,no,0.545691,54.5691,0.540580,54.0580,0.505337,50.5337,-0.005111,-0.5111,-0.040354,-4.0354
32,"fence, fencing",no,0.332042,33.2042,0.344195,34.4195,0.408414,40.8414,+0.012153,+1.2153,+0.076372,+7.6372
33,desk,no,0.416507,41.6507,0.390045,39.0045,0.374436,37.4436,-0.026462,-2.6462,-0.042071,-4.2071
34,"rock, stone",no,0.428988,42.8988,0.437169,43.7169,0.449730,44.9730,+0.008181,+0.8181,+0.020742,+2.0742
35,"wardrobe, closet, press",no,0.471697,47.1697,0.465243,46.5243,0.462443,46.2443,-0.006454,-0.6454,-0.009254,-0.9254
36,lamp,no,0.506109,50.6109,0.480692,48.0692,0.512531,51.2531,-0.025417,-2.5417,+0.006422,+0.6422
37,"bathtub, bathing tub, bath, tub",no,0.726469,72.6469,0.692633,69.2633,0.662799,66.2799,-0.033836,-3.3836,-0.063670,-6.3670
38,"railing, rail",no,0.249834,24.9834,0.306934,30.6934,0.263539,26.3539,+0.057100,+5.7100,+0.013705,+1.3705
39,cushion,no,0.487223,48.7223,0.485761,48.5761,0.479948,47.9948,-0.001462,-0.1462,-0.007275,-0.7275
40,"base, pedestal, stand",no,0.192307,19.2307,0.127528,12.7528,0.159624,15.9624,-0.064779,-6.4779,-0.032683,-3.2683
41,box,no,0.189745,18.9745,0.200848,20.0848,0.196799,19.6799,+0.011103,+1.1103,+0.007054,+0.7054
42,"column, pillar",no,0.375512,37.5512,0.368761,36.8761,0.342402,34.2402,-0.006751,-0.6751,-0.033110,-3.3110
43,"signboard, sign",no,0.322819,32.2819,0.310920,31.0920,0.342737,34.2737,-0.011899,-1.1899,+0.019918,+1.9918
44,"chest of drawers, chest, bureau, dresser",no,0.387139,38.7139,0.381561,38.1561,0.404942,40.4942,-0.005578,-0.5578,+0.017803,+1.7803
45,counter,no,0.271210,27.1210,0.260115,26.0115,0.324517,32.4517,-0.011095,-1.1095,+0.053307,+5.3307
46,sand,no,0.526867,52.6867,0.613962,61.3962,0.523270,52.3270,+0.087095,+8.7095,-0.003597,-0.3597
47,sink,no,0.618593,61.8593,0.587277,58.7277,0.610736,61.0736,-0.031316,-3.1316,-0.007857,-0.7857
48,skyscraper,no,0.610827,61.0827,0.658895,65.8895,0.618500,61.8500,+0.048068,+4.8068,+0.007673,+0.7673
49,"fireplace, hearth, open fireplace",no,0.607908,60.7908,0.596463,59.6463,0.629686,62.9686,-0.011445,-1.1445,+0.021778,+2.1778
50,"refrigerator, icebox",no,0.670149,67.0149,0.565506,56.5506,0.619015,61.9015,-0.104643,-10.4643,-0.051134,-5.1134
51,"grandstand, covered stand",no,0.476229,47.6229,0.414631,41.4631,0.426146,42.6146,-0.061598,-6.1598,-0.050083,-5.0083
52,path,no,0.146534,14.6534,0.137495,13.7495,0.149690,14.9690,-0.009039,-0.9039,+0.003156,+0.3156
53,"stairs, steps",no,0.256989,25.6989,0.225614,22.5614,0.299105,29.9105,-0.031375,-3.1375,+0.042116,+4.2116
54,runway,no,0.619759,61.9759,0.609672,60.9672,0.705122,70.5122,-0.010087,-1.0087,+0.085363,+8.5363
55,"case, display case, showcase, vitrine",no,0.475739,47.5739,0.381759,38.1759,0.440317,44.0317,-0.093980,-9.3980,-0.035422,-3.5422
56,"pool table, billiard table, snooker table",no,0.900568,90.0568,0.870840,87.0840,0.895291,89.5291,-0.029728,-2.9728,-0.005277,-0.5277
57,pillow,no,0.458524,45.8524,0.346816,34.6816,0.428049,42.8049,-0.111708,-11.1708,-0.030475,-3.0475
58,"screen door, screen",no,0.606140,60.6140,0.569120,56.9120,0.616027,61.6027,-0.037020,-3.7020,+0.009887,+0.9887
59,"stairway, staircase",no,0.419167,41.9167,0.393804,39.3804,0.367229,36.7229,-0.025363,-2.5363,-0.051938,-5.1938
60,river,no,0.200497,20.0497,0.328279,32.8279,0.259299,25.9299,+0.127782,+12.7782,+0.058802,+5.8802
61,"bridge, span",no,0.508368,50.8368,0.355409,35.5409,0.528293,52.8293,-0.152959,-15.2959,+0.019925,+1.9925
62,bookcase,no,0.357641,35.7641,0.373429,37.3429,0.419718,41.9718,+0.015788,+1.5788,+0.062077,+6.2077
63,"blind, screen",no,0.338862,33.8862,0.352101,35.2101,0.374613,37.4613,+0.013239,+1.3239,+0.035751,+3.5751
64,"coffee table, cocktail table",no,0.476872,47.6872,0.501066,50.1066,0.464092,46.4092,+0.024194,+2.4194,-0.012780,-1.2780
65,"toilet, can, commode, crapper, pot, potty, stool, throne",no,0.728729,72.8729,0.714487,71.4487,0.737017,73.7017,-0.014242,-1.4242,+0.008288,+0.8288
66,flower,no,0.398275,39.8275,0.295852,29.5852,0.281251,28.1251,-0.102423,-10.2423,-0.117024,-11.7024
67,book,no,0.442090,44.2090,0.346444,34.6444,0.405954,40.5954,-0.095646,-9.5646,-0.036136,-3.6136
68,hill,no,0.141544,14.1544,0.091342,9.1342,0.116485,11.6485,-0.050202,-5.0202,-0.025059,-2.5059
69,bench,no,0.411066,41.1066,0.379243,37.9243,0.300236,30.0236,-0.031823,-3.1823,-0.110830,-11.0830
70,countertop,no,0.467096,46.7096,0.507892,50.7892,0.449013,44.9013,+0.040796,+4.0796,-0.018083,-1.8083
71,"stove, kitchen stove, range, kitchen range, cooking stove",no,0.605021,60.5021,0.577259,57.7259,0.567383,56.7383,-0.027762,-2.7762,-0.037638,-3.7638
72,"palm, palm tree",no,0.549113,54.9113,0.491517,49.1517,0.540998,54.0998,-0.057596,-5.7596,-0.008115,-0.8115
73,kitchen island,no,0.391891,39.1891,0.378795,37.8795,0.414353,41.4353,-0.013096,-1.3096,+0.022462,+2.2462
74,"computer, computing machine, computing device, data processor, electronic computer, information processing system",no,0.535451,53.5451,0.514963,51.4963,0.573782,57.3782,-0.020488,-2.0488,+0.038331,+3.8331
75,swivel chair,no,0.378806,37.8806,0.351246,35.1246,0.384417,38.4417,-0.027560,-2.7560,+0.005611,+0.5611
76,boat,no,0.404271,40.4271,0.501167,50.1167,0.375998,37.5998,+0.096896,+9.6896,-0.028273,-2.8273
77,bar,no,0.317431,31.7431,0.361278,36.1278,0.408244,40.8244,+0.043847,+4.3847,+0.090813,+9.0813
78,arcade machine,no,0.475584,47.5584,0.615642,61.5642,0.469871,46.9871,+0.140058,+14.0058,-0.005713,-0.5713
79,"hovel, hut, hutch, shack, shanty",no,0.214357,21.4357,0.316406,31.6406,0.296143,29.6143,+0.102049,+10.2049,+0.081786,+8.1786
80,"bus, autobus, coach, charabanc, double-decker, jitney, motorbus, motorcoach, omnibus, passenger vehicle",no,0.750407,75.0407,0.701600,70.1600,0.671838,67.1838,-0.048807,-4.8807,-0.078569,-7.8569
81,towel,no,0.509163,50.9163,0.413933,41.3933,0.501290,50.1290,-0.095230,-9.5230,-0.007873,-0.7873
82,"light, light source",no,0.487402,48.7402,0.470350,47.0350,0.473334,47.3334,-0.017052,-1.7052,-0.014068,-1.4068
83,"truck, motortruck",no,0.260864,26.0864,0.229309,22.9309,0.231421,23.1421,-0.031555,-3.1555,-0.029443,-2.9443
84,tower,no,0.317483,31.7483,0.422412,42.2412,0.309413,30.9413,+0.104929,+10.4929,-0.008070,-0.8070
85,"chandelier, pendant, pendent",no,0.566646,56.6646,0.489273,48.9273,0.526252,52.6252,-0.077373,-7.7373,-0.040394,-4.0394
86,"awning, sunshade, sunblind",no,0.283831,28.3831,0.244481,24.4481,0.258874,25.8874,-0.039350,-3.9350,-0.024957,-2.4957
87,"streetlight, street lamp",no,0.191225,19.1225,0.168101,16.8101,0.174254,17.4254,-0.023124,-2.3124,-0.016971,-1.6971
88,"booth, cubicle, stall, kiosk",no,0.302702,30.2702,0.275640,27.5640,0.374852,37.4852,-0.027062,-2.7062,+0.072150,+7.2150
89,"television receiver, television, television set, tv, tv set, idiot box, boob tube, telly, goggle box",no,0.539376,53.9376,0.583899,58.3899,0.581170,58.1170,+0.044523,+4.4523,+0.041794,+4.1794
90,"airplane, aeroplane, plane",no,0.585178,58.5178,0.515806,51.5806,0.525296,52.5296,-0.069372,-6.9372,-0.059882,-5.9882
91,dirt track,no,0.142478,14.2478,0.000171,0.0171,0.033760,3.3760,-0.142307,-14.2307,-0.108718,-10.8718
92,"apparel, wearing apparel, dress, clothes",no,0.286524,28.6524,0.300133,30.0133,0.269812,26.9812,+0.013609,+1.3609,-0.016712,-1.6712
93,pole,no,0.171542,17.1542,0.182652,18.2652,0.159880,15.9880,+0.011110,+1.1110,-0.011662,-1.1662
94,"land, ground, soil",no,0.047102,4.7102,0.052549,5.2549,0.060479,6.0479,+0.005447,+0.5447,+0.013377,+1.3377
95,"bannister, banister, balustrade, balusters, handrail",no,0.024779,2.4779,0.052448,5.2448,0.086454,8.6454,+0.027669,+2.7669,+0.061675,+6.1675
96,"escalator, moving staircase, moving stairway",no,0.384418,38.4418,0.506800,50.6800,0.408036,40.8036,+0.122382,+12.2382,+0.023618,+2.3618
97,"ottoman, pouf, pouffe, puff, hassock",no,0.294833,29.4833,0.319910,31.9910,0.101632,10.1632,+0.025077,+2.5077,-0.193201,-19.3201
98,bottle,no,0.254815,25.4815,0.310370,31.0370,0.318505,31.8505,+0.055555,+5.5555,+0.063690,+6.3690
99,"buffet, counter, sideboard",no,0.428109,42.8109,0.451104,45.1104,0.480151,48.0151,+0.022995,+2.2995,+0.052042,+5.2042
100,"poster, posting, placard, notice, bill, card",no,0.258786,25.8786,0.256207,25.6207,0.201291,20.1291,-0.002579,-0.2579,-0.057495,-5.7495
101,stage,no,0.230146,23.0146,0.177794,17.7794,0.231821,23.1821,-0.052352,-5.2352,+0.001675,+0.1675
102,van,no,0.417291,41.7291,0.343191,34.3191,0.368247,36.8247,-0.074100,-7.4100,-0.049044,-4.9044
103,ship,no,0.177639,17.7639,0.526098,52.6098,0.314520,31.4520,+0.348459,+34.8459,+0.136881,+13.6881
104,fountain,no,0.311126,31.1126,0.493153,49.3153,0.317958,31.7958,+0.182027,+18.2027,+0.006832,+0.6832
105,"conveyer belt, conveyor belt, conveyer, conveyor, transporter",no,0.499386,49.9386,0.486930,48.6930,0.618108,61.8108,-0.012456,-1.2456,+0.118722,+11.8722
106,canopy,no,0.177137,17.7137,0.226988,22.6988,0.270737,27.0737,+0.049851,+4.9851,+0.093600,+9.3600
107,"washer, automatic washer, washing machine",no,0.788882,78.8882,0.676212,67.6212,0.739335,73.9335,-0.112670,-11.2670,-0.049547,-4.9547
108,"plaything, toy",no,0.114653,11.4653,0.160755,16.0755,0.133144,13.3144,+0.046102,+4.6102,+0.018491,+1.8491
109,"swimming pool, swimming bath, natatorium",no,0.531940,53.1940,0.755248,75.5248,0.457294,45.7294,+0.223308,+22.3308,-0.074646,-7.4646
110,stool,no,0.299329,29.9329,0.264975,26.4975,0.271344,27.1344,-0.034354,-3.4354,-0.027985,-2.7985
111,"barrel, cask",no,0.638162,63.8162,0.343532,34.3532,0.490452,49.0452,-0.294630,-29.4630,-0.147710,-14.7710
112,"basket, handbasket",no,0.283470,28.3470,0.252449,25.2449,0.280503,28.0503,-0.031021,-3.1021,-0.002967,-0.2967
113,"waterfall, falls",no,0.544333,54.4333,0.652075,65.2075,0.647023,64.7023,+0.107742,+10.7742,+0.102690,+10.2690
114,"tent, collapsible shelter",no,0.845878,84.5878,0.816872,81.6872,0.876826,87.6826,-0.029006,-2.9006,+0.030948,+3.0948
115,bag,no,0.119252,11.9252,0.102381,10.2381,0.097642,9.7642,-0.016871,-1.6871,-0.021610,-2.1610
116,"minibike, motorbike",no,0.662357,66.2357,0.618061,61.8061,0.594317,59.4317,-0.044296,-4.4296,-0.068040,-6.8040
117,cradle,no,0.672838,67.2838,0.665097,66.5097,0.686906,68.6906,-0.007741,-0.7741,+0.014068,+1.4068
118,oven,no,0.209520,20.9520,0.207197,20.7197,0.266480,26.6480,-0.002323,-0.2323,+0.056960,+5.6960
119,ball,no,0.525624,52.5624,0.414393,41.4393,0.525764,52.5764,-0.111231,-11.1231,+0.000140,+0.0140
120,"food, solid food",no,0.385724,38.5724,0.499837,49.9837,0.444020,44.4020,+0.114113,+11.4113,+0.058296,+5.8296
121,"step, stair",no,0.084642,8.4642,0.055683,5.5683,0.068197,6.8197,-0.028959,-2.8959,-0.016445,-1.6445
122,"tank, storage tank",no,0.676041,67.6041,0.460489,46.0489,0.470292,47.0292,-0.215552,-21.5552,-0.205749,-20.5749
123,"trade name, brand name, brand, marque",no,0.284310,28.4310,0.325892,32.5892,0.285687,28.5687,+0.041582,+4.1582,+0.001377,+0.1377
124,"microwave, microwave oven",no,0.741725,74.1725,0.613148,61.3148,0.663445,66.3445,-0.128577,-12.8577,-0.078280,-7.8280
125,"pot, flowerpot",no,0.245342,24.5342,0.264054,26.4054,0.317485,31.7485,+0.018712,+1.8712,+0.072143,+7.2143
126,"animal, animate being, beast, brute, creature, fauna",no,0.498884,49.8884,0.571271,57.1271,0.551504,55.1504,+0.072387,+7.2387,+0.052620,+5.2620
127,"bicycle, bike, wheel, cycle",no,0.468428,46.8428,0.484486,48.4486,0.480999,48.0999,+0.016058,+1.6058,+0.012571,+1.2571
128,lake,no,0.271423,27.1423,0.368691,36.8691,0.246479,24.6479,+0.097268,+9.7268,-0.024944,-2.4944
129,"dishwasher, dish washer, dishwashing machine",no,0.517665,51.7665,0.452536,45.2536,0.602731,60.2731,-0.065129,-6.5129,+0.085066,+8.5066
130,"screen, silver screen, projection screen",no,0.458194,45.8194,0.432151,43.2151,0.552592,55.2592,-0.026043,-2.6043,+0.094398,+9.4398
131,"blanket, cover",no,0.065668,6.5668,0.097213,9.7213,0.043795,4.3795,+0.031545,+3.1545,-0.021873,-2.1873
132,sculpture,no,0.494507,49.4507,0.384522,38.4522,0.503455,50.3455,-0.109985,-10.9985,+0.008948,+0.8948
133,"hood, exhaust hood",no,0.419597,41.9597,0.430650,43.0650,0.417626,41.7626,+0.011053,+1.1053,-0.001971,-0.1971
134,sconce,no,0.343493,34.3493,0.231909,23.1909,0.348795,34.8795,-0.111584,-11.1584,+0.005302,+0.5302
135,vase,no,0.210181,21.0181,0.196181,19.6181,0.220692,22.0692,-0.014000,-1.4000,+0.010511,+1.0511
136,"traffic light, traffic signal, stoplight",no,0.280130,28.0130,0.264787,26.4787,0.262324,26.2324,-0.015343,-1.5343,-0.017806,-1.7806
137,tray,no,0.038807,3.8807,0.025404,2.5404,0.007326,0.7326,-0.013403,-1.3403,-0.031481,-3.1481
138,"ashcan, trash can, garbage can, wastebin, ash bin, ash-bin, ashbin, dustbin, trash barrel, trash bin",no,0.309832,30.9832,0.264530,26.4530,0.304718,30.4718,-0.045302,-4.5302,-0.005114,-0.5114
139,fan,no,0.484118,48.4118,0.497899,49.7899,0.520435,52.0435,+0.013781,+1.3781,+0.036317,+3.6317
140,"pier, wharf, wharfage, dock",no,0.484779,48.4779,0.327439,32.7439,0.458716,45.8716,-0.157340,-15.7340,-0.026063,-2.6063
141,crt screen,no,0.051826,5.1826,0.056220,5.6220,0.106357,10.6357,+0.004394,+0.4394,+0.054531,+5.4531
142,plate,no,0.439185,43.9185,0.402852,40.2852,0.407774,40.7774,-0.036333,-3.6333,-0.031411,-3.1411
143,"monitor, monitoring device",no,0.097206,9.7206,0.052489,5.2489,0.326903,32.6903,-0.044717,-4.4717,+0.229697,+22.9697
144,"bulletin board, notice board",no,0.282302,28.2302,0.336669,33.6669,0.297354,29.7354,+0.054367,+5.4367,+0.015052,+1.5052
145,shower,no,0.005242,0.5242,0.006170,0.6170,0.007545,0.7545,+0.000928,+0.0928,+0.002303,+0.2303
146,radiator,no,0.463763,46.3763,0.412406,41.2406,0.465144,46.5144,-0.051357,-5.1357,+0.001381,+0.1381
147,"glass, drinking glass",no,0.067084,6.7084,0.036217,3.6217,0.067965,6.7965,-0.030867,-3.0867,+0.000881,+0.0881
148,clock,no,0.268371,26.8371,0.131811,13.1811,0.258090,25.8090,-0.136560,-13.6560,-0.010281,-1.0281
149,flag,no,0.422050,42.2050,0.387094,38.7094,0.265499,26.5499,-0.034956,-3.4956,-0.156551,-15.6551
