path,filename,size_bytes,mtime_iso,sha256,exp,arch,recipe,variant,seed
/home/vault/iwi5/iwi5359h/SAGA/checkpoints/e1_sanity_alex/V00_baseline/best.pth,best.pth,1038968077,2026-04-09T14:11:07.090737+00:00,fb2e1db0ca34c742981e562e913da8fa3c2c1ce21a31962e09a16370ccb9ef24,e1,,,baseline,
/home/vault/iwi5/iwi5359h/SAGA/checkpoints/e1_variants/V00_baseline/best.pth,best.pth,1038968077,2026-04-09T21:04:24.173172+00:00,6ad0db9f1c45d26496bac5bf011d40ade3af15979d369cba38b4e61f84c96cad,e1,,,baseline,
/home/vault/iwi5/iwi5359h/SAGA/checkpoints/e1_variants/V00_baseline/last.pth,last.pth,1038968077,2026-04-09T21:51:34.500837+00:00,ae33872a73d1eb4172f7cebbc2e0ec02fbf0a7e64793819fdb6f10166812272d,e1,,,baseline,
/home/vault/iwi5/iwi5359h/SAGA/checkpoints/e1_variants/V01_A/best.pth,best.pth,1039003117,2026-04-10T23:43:08.185797+00:00,e8bfca8ad32def5ff1a84e7b969fae6c99cf4618b6fa2d1b181621a66c6cdec2,e1,,,,
/home/vault/iwi5/iwi5359h/SAGA/checkpoints/e1_variants/V01_A/last.pth,last.pth,1039003117,2026-04-11T00:07:09.400623+00:00,9047da4c4f0d2935bfc2758209af600e6d7a868185dc72dd2a8fd92d5209e393,e1,,,,
/home/vault/iwi5/iwi5359h/SAGA/checkpoints/e1_variants/V02_B/best.pth,best.pth,1039318301,2026-04-11T09:15:39.332694+00:00,c34b4b567625560014b6ddff06a985a8bf54b86bea43e07b401215f5209d7de0,e1,,,,
/home/vault/iwi5/iwi5359h/SAGA/checkpoints/e1_variants/V02_B/last.pth,last.pth,1039318301,2026-04-11T10:44:06.246811+00:00,340e4232335baad97a8793d16188273cba072ba6da94eb5f29039b670e1550f0,e1,,,,
/home/vault/iwi5/iwi5359h/SAGA/checkpoints/e1_variants/V03_C/best.pth,best.pth,1038971665,2026-04-11T10:37:12.414850+00:00,fcdd5fb70ea37c7503d9d7c0fb177831593eabce4eca721388f0e653ea845625,e1,,,,
/home/vault/iwi5/iwi5359h/SAGA/checkpoints/e1_variants/V03_C/last.pth,last.pth,1038971665,2026-04-11T11:39:05.788140+00:00,73dd3f69c41cd005f1d60aec24bd1fb95a2b0345f00e66490a3fc9d02a192ac0,e1,,,,
/home/vault/iwi5/iwi5359h/SAGA/checkpoints/e1_variants/V04_D/best.pth,best.pth,1038968077,2026-04-13T02:36:34.310975+00:00,3e02263619da4ef3276893f3958ea81aaedc3f9b2c214b2e6180bec1238a1f2b,e1,,,,
/home/vault/iwi5/iwi5359h/SAGA/checkpoints/e1_variants/V04_D/last.pth,last.pth,1038968077,2026-04-13T02:48:31.443874+00:00,0e23f461effda6e39a5a43c7abb94f86b21b27be834d7a29a9476324984edffb,e1,,,,
/home/vault/iwi5/iwi5359h/SAGA/checkpoints/e1_variants/V05_AB/best.pth,best.pth,1039353277,2026-04-11T13:41:23.468043+00:00,5bb5ca831d53129012bab7a1f1c1f381bc9ba4d0bc448459ad1e0687988c3d1d,e1,,,,
/home/vault/iwi5/iwi5359h/SAGA/checkpoints/e1_variants/V05_AB/last.pth,last.pth,1039353277,2026-04-11T14:05:59.419773+00:00,79dd1467233168da843dd8d2e5481d17b08865fa7918df761ebf76c1a931a9a3,e1,,,,
/home/vault/iwi5/iwi5359h/SAGA/checkpoints/e1_variants/V06_AC/best.pth,best.pth,1039006641,2026-04-11T21:29:38.775476+00:00,e6a6354e1e8ee007412173fea08fe4f9215d6bd86fa3fa3fe7f77cd2af18c764,e1,,,,
/home/vault/iwi5/iwi5359h/SAGA/checkpoints/e1_variants/V06_AC/last.pth,last.pth,1039006641,2026-04-11T22:18:22.102715+00:00,b43a51458eab62e8542091c1a5aeb73513a2289dc48e8458a98f260012b9cd9a,e1,,,,
/home/vault/iwi5/iwi5359h/SAGA/checkpoints/e1_variants/V07_AD/best.pth,best.pth,1039003117,2026-04-13T01:11:25.287974+00:00,867b3912a929cd49fa93f5a36eaeacf69428989eea1cc94a36446fd21fb1fb50,e1,,,,
/home/vault/iwi5/iwi5359h/SAGA/checkpoints/e1_variants/V07_AD/last.pth,last.pth,1039003117,2026-04-13T03:12:48.699013+00:00,801bd74658be185d825ba4c207f544a459a02161ccccb962703e6a799d118be2,e1,,,,
/home/vault/iwi5/iwi5359h/SAGA/checkpoints/e1_variants/V08_BC/best.pth,best.pth,1039321825,2026-04-11T23:12:35.005575+00:00,5e2b6e7d063b8772b8603ac53939bbf30885ed8a4fdd62fbfe62d0902470c267,e1,,,,
/home/vault/iwi5/iwi5359h/SAGA/checkpoints/e1_variants/V08_BC/last.pth,last.pth,1039321825,2026-04-12T00:33:27.954258+00:00,f6a33a2534f1a7adadbf6dbce17a946b2cf240f203833c068f2f9a1556095bc0,e1,,,,
/home/vault/iwi5/iwi5359h/SAGA/checkpoints/e1_variants/V09_BD/best.pth,best.pth,1039318301,2026-04-13T17:49:47.158270+00:00,848c70929717527b56e8c8117a8f53f4e235a1ebc6360d7f2a4c1777d4e830a8,e1,,,,
/home/vault/iwi5/iwi5359h/SAGA/checkpoints/e1_variants/V09_BD/last.pth,last.pth,1039318301,2026-04-13T20:36:31.649474+00:00,5f9669fe0eae5bb97bba41062e7c1050ab7fd34a7e33d649eac6862b1c3f984a,e1,,,,
/home/vault/iwi5/iwi5359h/SAGA/checkpoints/e1_variants/V10_CD/best.pth,best.pth,1038971665,2026-04-13T22:56:29.633795+00:00,df589f47139231f05e0810a3f406ff65672715c57f4e3f58eae19dc0a8fc6465,e1,,,,
/home/vault/iwi5/iwi5359h/SAGA/checkpoints/e1_variants/V10_CD/last.pth,last.pth,1038971665,2026-04-13T22:56:31.349328+00:00,345184816b7a1af1d20acbee8cbb3ba1e75327c1f81b8272a58d57cf7c3c32a0,e1,,,,
/home/vault/iwi5/iwi5359h/SAGA/checkpoints/e1_variants/V11_ABC/best.pth,best.pth,1039356865,2026-04-12T00:36:05.993340+00:00,168d7db59e834c2165ec27e7aea264d009b5de0075609220f11837e1f4590706,e1,,,,
/home/vault/iwi5/iwi5359h/SAGA/checkpoints/e1_variants/V11_ABC/last.pth,last.pth,1039356865,2026-04-12T01:50:19.792002+00:00,daa239e36c4a4e9f657015d003a528358ad7db98c339299e0405e5c75280914b,e1,,,,
/home/vault/iwi5/iwi5359h/SAGA/checkpoints/e1_variants/V12_ABD/best.pth,best.pth,1039353277,2026-04-13T22:12:19.639559+00:00,d7d6c07bcfcb612316996560946bada7d3ec38cc92b37e87b4e421027a80112b,e1,,,,
/home/vault/iwi5/iwi5359h/SAGA/checkpoints/e1_variants/V12_ABD/last.pth,last.pth,1039353277,2026-04-13T23:37:23.580518+00:00,7f7eb11b4aa023586bf2136f6632ddf349c9436647a86207476a4c97edb4aeae,e1,,,,
/home/vault/iwi5/iwi5359h/SAGA/checkpoints/e1_variants/V13_ACD/best.pth,best.pth,1039006641,2026-04-14T13:33:55.855630+00:00,86097b61f1f453b762cde762e2f9a30e5a8c8ce6bb0d5b33e30a0a3ee6f6cb23,e1,,,,
/home/vault/iwi5/iwi5359h/SAGA/checkpoints/e1_variants/V13_ACD/last.pth,last.pth,1039006641,2026-04-14T17:00:27.990685+00:00,83f8d2679af211ec5822f2addf865a53bb3ea38007b8664485156cd290565a4b,e1,,,,
/home/vault/iwi5/iwi5359h/SAGA/checkpoints/e1_variants/V14_BCD/best.pth,best.pth,1039321825,2026-04-14T18:19:41.167177+00:00,ab6a0b59ccb9e3f4452c5d4bbe48e37f35b41ddf42eb1fe4e530697ae2b4c7df,e1,,,,
/home/vault/iwi5/iwi5359h/SAGA/checkpoints/e1_variants/V14_BCD/last.pth,last.pth,1039321825,2026-04-14T18:31:39.241713+00:00,12f3c2c8377a3189a01874a2a154543ec3932d4c5eff6526c08403e98e70a27f,e1,,,,
/home/vault/iwi5/iwi5359h/SAGA/checkpoints/e1_variants/V15_ABCD_full/best.pth,best.pth,1039356865,2026-04-14T17:44:54.598290+00:00,11ccb29f7248a1f0cc1c84134d04593e50910de6bea8a09298acfaf9634a8a8b,e1,,,,
/home/vault/iwi5/iwi5359h/SAGA/checkpoints/e1_variants/V15_ABCD_full/last.pth,last.pth,1039356865,2026-04-14T19:22:13.078387+00:00,8475586b7cb2507a11206fc6c9683c2647a6cc7480f97a3a27b26a59d001dcda,e1,,,,
/home/vault/iwi5/iwi5359h/SAGA/checkpoints/e1_variants/V20_gran_head/best.pth,best.pth,1039318301,2026-04-17T06:19:55.416862+00:00,b17571c810072c92b45658994ca24ffd76768a3c12df7cf306ed0ed925ba43c4,e1,,,,
/home/vault/iwi5/iwi5359h/SAGA/checkpoints/e1_variants/V20_gran_head/last.pth,last.pth,1039318301,2026-04-17T07:40:44.399782+00:00,2781288e46c91f63b7698c61d996ccd25f3d2f753510d23ba52abb859617a93c,e1,,,,
/home/vault/iwi5/iwi5359h/SAGA/checkpoints/e1_variants/V21_gran_elem/best.pth,best.pth,1039318301,2026-04-17T21:11:23.040834+00:00,0bbe8ebb723adc3349ac210c9600bc27d450d7bcf08eaff4d7ddcd9d51493507,e1,,,,
/home/vault/iwi5/iwi5359h/SAGA/checkpoints/e1_variants/V21_gran_elem/last.pth,last.pth,1039318301,2026-04-17T21:19:29.251701+00:00,68b426f45c8230d1f5501ed61b84a037606054b8ce01a983c194e4f4691296c2,e1,,,,
/home/vault/iwi5/iwi5359h/SAGA/e2/checkpoints/ViT-B_SAGA/best.pth,best.pth,1039318365,2026-04-26T01:00:35.808873+00:00,bbfbc1d843e819910d68f660bcdb038510b4bf2e4ae8f6428c6a705e7c0e165e,e2,vit_base,mixup,saga,rlast
/home/vault/iwi5/iwi5359h/SAGA/e2/checkpoints/ViT-B_SAGA/last.pth,last.pth,1039318365,2026-04-25T22:59:48.574378+00:00,c10af1fd55c4c39b44a0be7adc6527e3b0619c9db6a2dc7072d98d9adc9246f5,e2,vit_base,mixup,saga,rlast
/home/vault/iwi5/iwi5359h/SAGA/e2/checkpoints/ViT-B_SAGA_nomix/best.pth,best.pth,1039318365,2026-05-01T07:50:33.968102+00:00,82456589c91ec3757509bd1d48aa6cf1e8dd51235a1138df6b7e1951181c2ba0,e2,vit_base,nomix,saga,rlast
/home/vault/iwi5/iwi5359h/SAGA/e2/checkpoints/ViT-B_SAGA_nomix/last.pth,last.pth,1039318365,2026-05-01T11:03:26.465486+00:00,4a1c5a1fe54692afbffdc25f26b9491c255d826f27aefeec9b74cf775ba43ef2,e2,vit_base,nomix,saga,rlast
/home/vault/iwi5/iwi5359h/SAGA/e2/checkpoints/ViT-B_baseline/best.pth,best.pth,1038968269,2026-04-25T23:22:29.892726+00:00,0abb6e9641925532a35dd912bead44ff8e16ea4f6a3df100de559b8b5430b1ce,e2,vit_base,mixup,baseline,rlast
/home/vault/iwi5/iwi5359h/SAGA/e2/checkpoints/ViT-B_baseline/last.pth,last.pth,1038968269,2026-04-26T00:56:52.148228+00:00,467daf9dfcfd712534737cf727ff05155b31e4905cd3597da766224526ba70a5,e2,vit_base,mixup,baseline,rlast
/home/vault/iwi5/iwi5359h/SAGA/e2/checkpoints/ViT-B_baseline_nomix/best.pth,best.pth,1038968269,2026-04-29T03:19:32.133692+00:00,df97d3215d477450fdc5c747eb8ee85a963e939f7c424ce24eca431a1e4fc3e6,e2,vit_base,nomix,baseline,rlast
/home/vault/iwi5/iwi5359h/SAGA/e2/checkpoints/ViT-B_baseline_nomix/last.pth,last.pth,1038968333,2026-04-29T05:04:12.591397+00:00,2a7f8c84dc32571e95dc3745422b4960f9dd602433cd42f1e16891b6c491cac5,e2,vit_base,nomix,baseline,rlast
/home/vault/iwi5/iwi5359h/SAGA/e2/checkpoints/ViT-B_registers/best.pth,best.pth,1039043001,2026-04-26T07:06:51.941055+00:00,c30f813dcb23c20b7182af0d9493ee71250e91098624e815caf6046098f2e698,e2,vit_base,mixup,registers,rlast
/home/vault/iwi5/iwi5359h/SAGA/e2/checkpoints/ViT-B_registers/last.pth,last.pth,1039043001,2026-04-26T07:22:48.191148+00:00,3e13c788fff6812a17ec0c04a2f1505a2e3af2a9c2db9d6afe9319084cdc1e53,e2,vit_base,mixup,registers,rlast
/home/vault/iwi5/iwi5359h/SAGA/e2/checkpoints/ViT-B_registers_nomix/best.pth,best.pth,1039043001,2026-04-28T14:32:54.722799+00:00,57e053d2a7ab551190b3eebf0fb28bb27fe36d8c6cfcf14272c7332caf942e13,e2,vit_base,nomix,registers,rlast
/home/vault/iwi5/iwi5359h/SAGA/e2/checkpoints/ViT-B_registers_nomix/last.pth,last.pth,1039043001,2026-04-29T13:52:43.425343+00:00,82365a311187250c34965c93a13ab435adf7ac2ad655115c855f7708f6f8ddb1,e2,vit_base,nomix,registers,rlast
/home/vault/iwi5/iwi5359h/SAGA/e2/checkpoints/ViT-S_SAGA/best.pth,best.pth,264946269,2026-04-24T13:37:40.349982+00:00,09d1889c7061db0903edad420833ec1147e507572b28038ff75e1efea139b672,e2,vit_small,mixup,saga,rlast
/home/vault/iwi5/iwi5359h/SAGA/e2/checkpoints/ViT-S_SAGA/last.pth,last.pth,264946269,2026-04-24T13:45:34.739132+00:00,92a03a4716ce07c0460eb132720d8a816aaa2bcde49713b86c57c774fef22995,e2,vit_small,mixup,saga,rlast
/home/vault/iwi5/iwi5359h/SAGA/e2/checkpoints/ViT-S_SAGA_nomix/best.pth,best.pth,264946269,2026-04-28T00:09:30.157495+00:00,e06051840eaf27b9e1612d5672bf16e52e2e4255e2ea8949fa88e3e64a4c42c3,e2,vit_small,nomix,saga,rlast
/home/vault/iwi5/iwi5359h/SAGA/e2/checkpoints/ViT-S_SAGA_nomix/last.pth,last.pth,264946269,2026-04-28T00:33:12.697310+00:00,a482f5286b2c43ffa8d9f6606b1af24d06962421b808babfdd6b123a56b0f9ee,e2,vit_small,nomix,saga,rlast
/home/vault/iwi5/iwi5359h/SAGA/e2/checkpoints/ViT-S_baseline/best.pth,best.pth,264764429,2026-04-24T04:22:19.847155+00:00,3667feeb3f80c2b19eef50843bea10532d5d4ecd65d82ec551bfac4435ae45c2,e2,vit_small,mixup,baseline,rlast
/home/vault/iwi5/iwi5359h/SAGA/e2/checkpoints/ViT-S_baseline/last.pth,last.pth,264764365,2026-04-24T04:54:56.857880+00:00,cd926200127b98cbc597ddad82d84fd823376addc0ac1075a98de73b21e7d17d,e2,vit_small,mixup,baseline,rlast
/home/vault/iwi5/iwi5359h/SAGA/e2/checkpoints/ViT-S_baseline_nomix/best.pth,best.pth,264764429,2026-04-27T08:29:53.694381+00:00,67c85a1d70b30f54bdacc16c18dbac7da3abba7ca98486536dc6f7a33b76eb07,e2,vit_small,nomix,baseline,rlast
/home/vault/iwi5/iwi5359h/SAGA/e2/checkpoints/ViT-S_baseline_nomix/last.pth,last.pth,264764429,2026-04-27T08:29:54.294641+00:00,8d980da27a4b571a117e82451c8c9deff126e437206faee5120e069d3667e10d,e2,vit_small,nomix,baseline,rlast
/home/vault/iwi5/iwi5359h/SAGA/e2/checkpoints/ViT-S_registers/best.pth,best.pth,264802233,2026-04-24T07:11:26.004953+00:00,a99aa1eebdb3503d481f23f8730af39d2a1c2c0ccf019e519e8e86520a882f28,e2,vit_small,mixup,registers,rlast
/home/vault/iwi5/iwi5359h/SAGA/e2/checkpoints/ViT-S_registers/last.pth,last.pth,264802233,2026-04-24T07:14:14.335446+00:00,e50859f062be20cf971cefac39fde542bd3dc47fa272f3ed78abc193b71a8a77,e2,vit_small,mixup,registers,rlast
/home/vault/iwi5/iwi5359h/SAGA/e2/checkpoints/ViT-S_registers_nomix/best.pth,best.pth,264802233,2026-04-27T15:16:45.034614+00:00,7453f3d4d808979d74c7532bea7be24d566f73680720c6968110383d9d8e52af,e2,vit_small,nomix,registers,rlast
/home/vault/iwi5/iwi5359h/SAGA/e2/checkpoints/ViT-S_registers_nomix/last.pth,last.pth,264802233,2026-04-27T15:27:45.540889+00:00,7ca33ed755106aa7f0d0b02ebf6ceb003808fc5dc3f78699538de1fba820e536,e2,vit_small,nomix,registers,rlast
/home/vault/iwi5/iwi5359h/SAGA/e3/checkpoints/ViT-B_SAGA_det/last.pth,last.pth,1238922177,2026-05-03T09:44:08.774575+00:00,865b3adab9b06e96afc323e647683467c7e590f9e8fe856d3acdf954ceb8e662,e3,vit_base,,saga,
/home/vault/iwi5/iwi5359h/SAGA/e3/checkpoints/ViT-B_baseline_det/last.pth,last.pth,1238571889,2026-05-02T14:40:21.708452+00:00,7a0e882644fb1da0d300ec5453102c7fee07eff6bbb41971fa6b8aa6f59fd47b,e3,vit_base,,baseline,
/home/vault/iwi5/iwi5359h/SAGA/e3/checkpoints/ViT-B_registers_det/last.pth,last.pth,1238646621,2026-05-02T17:45:46.075933+00:00,fc224d2b49d8be697116b5b2473ef240fe2be287ad80d024d8755b23bfad6872,e3,vit_base,,registers,
/home/vault/iwi5/iwi5359h/SAGA/e6/checkpoints/ViT-B_SAGA_seg/best.pth,best.pth,1095928347,2026-05-03T11:23:13.964018+00:00,e3d55abff57c91d22d70e644d730a08d3b01f54cc92015ef9e0f401aac767520,e6,vit_base,,saga,
/home/vault/iwi5/iwi5359h/SAGA/e6/checkpoints/ViT-B_SAGA_seg/last.pth,last.pth,1095928347,2026-05-03T12:21:03.954101+00:00,2d676fff38ab6f33a6688ecc5b4cc858fa007f51ae74a60ab154081cc334861c,e6,vit_base,,saga,
/home/vault/iwi5/iwi5359h/SAGA/e6/checkpoints/ViT-B_baseline_seg/best.pth,best.pth,1095578123,2026-05-03T10:08:33.284041+00:00,94fe0ea4f8e5dfd7961eed281da23a4967c887b637cd50a013291f3ced4dd095,e6,vit_base,,baseline,
/home/vault/iwi5/iwi5359h/SAGA/e6/checkpoints/ViT-B_baseline_seg/last.pth,last.pth,1095578123,2026-05-03T11:05:46.658966+00:00,e2ba6304365620acd37547cc481df89472fe7a01cac93e121373c60a4033fc43,e6,vit_base,,baseline,
/home/vault/iwi5/iwi5359h/SAGA/e6/checkpoints/aircraft_baseline/best.pth,best.pth,1030662925,2026-05-01T23:52:15.016237+00:00,7ca89bcede80a52f499433055e09768cf9463288b2e934114890783606965e9b,e6,,,baseline,
/home/vault/iwi5/iwi5359h/SAGA/e6/checkpoints/aircraft_baseline_vit_small_patch16_224_30ep/best.pth,best.pth,260606221,2026-05-02T10:39:55.855839+00:00,b2c8c47b18c5bce6db88376cb3445f99aa334f9ad7ba950dc4d5195a8ff4ab20,e6,vit_small,,baseline,
/home/vault/iwi5/iwi5359h/SAGA/e6/checkpoints/aircraft_saga/best.pth,best.pth,1031013021,2026-05-02T01:03:18.901310+00:00,5516c57be886791693e06fd62d8ddb6e1096f97d99944ef452c18c3038ae92b3,e6,,,saga,
/home/vault/iwi5/iwi5359h/SAGA/e6/checkpoints/aircraft_saga_vit_small_patch16_224_30ep/best.pth,best.pth,260788125,2026-05-02T10:56:51.998148+00:00,a97ff56d04a58d7bbffed9103ad891063a863e0ab357377c1bc02d7fd885d3be,e6,vit_small,,saga,
/home/vault/iwi5/iwi5359h/SAGA/e6/checkpoints/cub_baseline/best.pth,best.pth,1031585677,2026-05-01T21:25:41.752239+00:00,933d2f6529b4aa0d0a83f73627507714df6df5635463d815b6e041805dd1ce00,e6,,,baseline,
/home/vault/iwi5/iwi5359h/SAGA/e6/checkpoints/cub_baseline_vit_base_patch16_224_30ep/best.pth,best.pth,1031585677,2026-05-02T06:35:04.482612+00:00,15382798b20ebfac361ea17d9ac208992cf9b7f8d8c0f68c13204acbd7c83030,e6,vit_base,,baseline,
/home/vault/iwi5/iwi5359h/SAGA/e6/checkpoints/cub_baseline_vit_small_patch16_224_30ep/best.pth,best.pth,261068173,2026-05-02T07:04:55.457526+00:00,2033e14771f3459d20fd7fd0a4db8694e1af188587ebca27b9effe60af979af9,e6,vit_small,,baseline,
/home/vault/iwi5/iwi5359h/SAGA/e6/checkpoints/cub_saga/best.pth,best.pth,1031935773,2026-05-01T22:16:19.532631+00:00,1dbf65d17b41d3f703a1ee9a006c695912dea4ae77e0e726b0bdd4d418742e62,e6,,,saga,
/home/vault/iwi5/iwi5359h/SAGA/e6/checkpoints/cub_saga_vit_base_patch16_224_30ep/best.pth,best.pth,1031935773,2026-05-02T06:51:49.242486+00:00,90d98a017f85da26cd167576e3c5952053f2519054e7886ab934d645719d9a3b,e6,vit_base,,saga,
/home/vault/iwi5/iwi5359h/SAGA/e6/checkpoints/cub_saga_vit_small_patch16_224_30ep/best.pth,best.pth,261250077,2026-05-02T07:13:45.070108+00:00,a21369c2e54f8ec2272d291fadacec64ce961a7ab84756541f1b5003ccac508f,e6,vit_small,,saga,
