stem,path,filename,exp,arch,recipe,variant,seed,sha256_manifest,top_level_keys,epoch,top1,best_top1,last_lr,optimizer_step_count,n_optimizer_state_entries,has_scaler,has_ema,n_model_tensors,model_params_m
e2_vit_base_mixup_saga_rlast_best,/home/vault/iwi5/iwi5359h/SAGA/e2/checkpoints/ViT-B_SAGA/best.pth,best.pth,e2,vit_base,mixup,saga,rlast,bbfbc1d843e819910d68f660bcdb038510b4bf2e4ae8f6428c6a705e7c0e165e,best_top1;epoch;model;optimizer;scaler;top1,89,74.808,74.808,0.000794102116217297,112590,164,True,False,164,86.596
e2_vit_base_mixup_saga_rlast_last,/home/vault/iwi5/iwi5359h/SAGA/e2/checkpoints/ViT-B_SAGA/last.pth,last.pth,e2,vit_base,mixup,saga,rlast,c10af1fd55c4c39b44a0be7adc6527e3b0619c9db6a2dc7072d98d9adc9246f5,best_top1;epoch;model;optimizer;scaler;top1,74,73.888,73.888,0.000853702793785067,93825,164,True,False,164,86.596
e2_vit_base_nomix_saga_rlast_best,/home/vault/iwi5/iwi5359h/SAGA/e2/checkpoints/ViT-B_SAGA_nomix/best.pth,best.pth,e2,vit_base,nomix,saga,rlast,82456589c91ec3757509bd1d48aa6cf1e8dd51235a1138df6b7e1951181c2ba0,best_top1;epoch;model;optimizer;scaler;top1,275,77.968,77.968,1.6693750869384052e-05,345223,164,True,False,164,86.596
e2_vit_base_nomix_saga_rlast_last,/home/vault/iwi5/iwi5359h/SAGA/e2/checkpoints/ViT-B_SAGA_nomix/last.pth,last.pth,e2,vit_base,nomix,saga,rlast,4a1c5a1fe54692afbffdc25f26b9491c255d826f27aefeec9b74cf775ba43ef2,best_top1;epoch;model;optimizer;scaler;top1,299,77.624,77.968,1.0000000175004136e-06,375235,164,True,False,164,86.596
e2_vit_base_mixup_baseline_rlast_best,/home/vault/iwi5/iwi5359h/SAGA/e2/checkpoints/ViT-B_baseline/best.pth,best.pth,e2,vit_base,mixup,baseline,rlast,0abb6e9641925532a35dd912bead44ff8e16ea4f6a3df100de559b8b5430b1ce,best_top1;epoch;model;optimizer;scaler;top1,181,77.008,77.008,0.00033623505863958407,227676,152,True,False,152,86.568
e2_vit_base_mixup_baseline_rlast_last,/home/vault/iwi5/iwi5359h/SAGA/e2/checkpoints/ViT-B_baseline/last.pth,last.pth,e2,vit_base,mixup,baseline,rlast,467daf9dfcfd712534737cf727ff05155b31e4905cd3597da766224526ba70a5,best_top1;epoch;model;optimizer;scaler;top1,199,76.584,77.008,0.0002507536210830206,250186,152,True,False,152,86.568
e2_vit_base_nomix_baseline_rlast_best,/home/vault/iwi5/iwi5359h/SAGA/e2/checkpoints/ViT-B_baseline_nomix/best.pth,best.pth,e2,vit_base,nomix,baseline,rlast,df97d3215d477450fdc5c747eb8ee85a963e939f7c424ce24eca431a1e4fc3e6,best_top1;epoch;model;optimizer;scaler;top1,279,77.384,77.384,1.1916142782671873e-05,350226,152,True,False,152,86.568
e2_vit_base_nomix_baseline_rlast_last,/home/vault/iwi5/iwi5359h/SAGA/e2/checkpoints/ViT-B_baseline_nomix/last.pth,last.pth,e2,vit_base,nomix,baseline,rlast,2a7f8c84dc32571e95dc3745422b4960f9dd602433cd42f1e16891b6c491cac5,best_top1;epoch;model;optimizer;scaler;top1,299,77.384,77.384,1.0000000175004136e-06,375236,152,True,False,152,86.568
e2_vit_base_mixup_registers_rlast_best,/home/vault/iwi5/iwi5359h/SAGA/e2/checkpoints/ViT-B_registers/best.pth,best.pth,e2,vit_base,mixup,registers,rlast,c30f813dcb23c20b7182af0d9493ee71250e91098624e815caf6046098f2e698,best_top1;epoch;model;optimizer;scaler;top1,246,76.576,76.576,7.598080320523239e-05,308962,153,True,False,153,86.574
e2_vit_base_mixup_registers_rlast_last,/home/vault/iwi5/iwi5359h/SAGA/e2/checkpoints/ViT-B_registers/last.pth,last.pth,e2,vit_base,mixup,registers,rlast,3e13c788fff6812a17ec0c04a2f1505a2e3af2a9c2db9d6afe9319084cdc1e53,best_top1;epoch;model;optimizer;scaler;top1,249,76.272,76.576,6.792240145303353e-05,312713,153,True,False,153,86.574
e2_vit_base_nomix_registers_rlast_best,/home/vault/iwi5/iwi5359h/SAGA/e2/checkpoints/ViT-B_registers_nomix/best.pth,best.pth,e2,vit_base,nomix,registers,rlast,57e053d2a7ab551190b3eebf0fb28bb27fe36d8c6cfcf14272c7332caf942e13,best_top1;epoch;model;optimizer;scaler;top1,155,76.512,76.512,0.0004691403085018619,195156,153,True,False,153,86.574
e2_vit_base_nomix_registers_rlast_last,/home/vault/iwi5/iwi5359h/SAGA/e2/checkpoints/ViT-B_registers_nomix/last.pth,last.pth,e2,vit_base,nomix,registers,rlast,82365a311187250c34965c93a13ab435adf7ac2ad655115c855f7708f6f8ddb1,best_top1;epoch;model;optimizer;scaler;top1,299,76.056,76.512,1.0000000175004136e-06,375238,153,True,False,153,86.574
e2_vit_small_mixup_saga_rlast_best,/home/vault/iwi5/iwi5359h/SAGA/e2/checkpoints/ViT-S_SAGA/best.pth,best.pth,e2,vit_small,mixup,saga,rlast,09d1889c7061db0903edad420833ec1147e507572b28038ff75e1efea139b672,best_top1;epoch;model;optimizer;scaler;top1,297,79.224,79.224,1.1096361874386132e-06,372739,164,True,False,164,22.065
e2_vit_small_mixup_saga_rlast_last,/home/vault/iwi5/iwi5359h/SAGA/e2/checkpoints/ViT-S_SAGA/last.pth,last.pth,e2,vit_small,mixup,saga,rlast,92a03a4716ce07c0460eb132720d8a816aaa2bcde49713b86c57c774fef22995,best_top1;epoch;model;optimizer;scaler;top1,299,79.024,79.224,1.0000000175004136e-06,375239,164,True,False,164,22.065
e2_vit_small_nomix_saga_rlast_best,/home/vault/iwi5/iwi5359h/SAGA/e2/checkpoints/ViT-S_SAGA_nomix/best.pth,best.pth,e2,vit_small,nomix,saga,rlast,e06051840eaf27b9e1612d5672bf16e52e2e4255e2ea8949fa88e3e64a4c42c3,best_top1;epoch;model;optimizer;scaler;top1,293,79.8,79.8,1.9859117108064493e-06,367734,164,True,False,164,22.065
e2_vit_small_nomix_saga_rlast_last,/home/vault/iwi5/iwi5359h/SAGA/e2/checkpoints/ViT-S_SAGA_nomix/last.pth,last.pth,e2,vit_small,nomix,saga,rlast,a482f5286b2c43ffa8d9f6606b1af24d06962421b808babfdd6b123a56b0f9ee,best_top1;epoch;model;optimizer;scaler;top1,299,79.544,79.8,1.0000000175004136e-06,375238,164,True,False,164,22.065
e2_vit_small_mixup_baseline_rlast_best,/home/vault/iwi5/iwi5359h/SAGA/e2/checkpoints/ViT-S_baseline/best.pth,best.pth,e2,vit_small,mixup,baseline,rlast,3667feeb3f80c2b19eef50843bea10532d5d4ecd65d82ec551bfac4435ae45c2,best_top1;epoch;model;optimizer;scaler;top1,287,79.456,79.456,4.939230761166916e-06,360233,152,True,False,152,22.051
e2_vit_small_mixup_baseline_rlast_last,/home/vault/iwi5/iwi5359h/SAGA/e2/checkpoints/ViT-S_baseline/last.pth,last.pth,e2,vit_small,mixup,baseline,rlast,cd926200127b98cbc597ddad82d84fd823376addc0ac1075a98de73b21e7d17d,best_top1;epoch;model;optimizer;scaler;top1,299,79.4,79.456,1.0000000175004136e-06,375239,152,True,False,152,22.051
e2_vit_small_nomix_baseline_rlast_best,/home/vault/iwi5/iwi5359h/SAGA/e2/checkpoints/ViT-S_baseline_nomix/best.pth,best.pth,e2,vit_small,nomix,baseline,rlast,67c85a1d70b30f54bdacc16c18dbac7da3abba7ca98486536dc6f7a33b76eb07,best_top1;epoch;model;optimizer;scaler;top1,299,78.824,78.824,1.0000000175004136e-06,375239,152,True,False,152,22.051
e2_vit_small_nomix_baseline_rlast_last,/home/vault/iwi5/iwi5359h/SAGA/e2/checkpoints/ViT-S_baseline_nomix/last.pth,last.pth,e2,vit_small,nomix,baseline,rlast,8d980da27a4b571a117e82451c8c9deff126e437206faee5120e069d3667e10d,best_top1;epoch;model;optimizer;scaler;top1,299,78.824,78.824,1.0000000175004136e-06,375239,152,True,False,152,22.051
e2_vit_small_mixup_registers_rlast_best,/home/vault/iwi5/iwi5359h/SAGA/e2/checkpoints/ViT-S_registers/best.pth,best.pth,e2,vit_small,mixup,registers,rlast,a99aa1eebdb3503d481f23f8730af39d2a1c2c0ccf019e519e8e86520a882f28,best_top1;epoch;model;optimizer;scaler;top1,298,78.632,78.632,1.0274317046406175e-06,373990,153,True,False,153,22.054
e2_vit_small_mixup_registers_rlast_last,/home/vault/iwi5/iwi5359h/SAGA/e2/checkpoints/ViT-S_registers/last.pth,last.pth,e2,vit_small,mixup,registers,rlast,e50859f062be20cf971cefac39fde542bd3dc47fa272f3ed78abc193b71a8a77,best_top1;epoch;model;optimizer;scaler;top1,299,78.48,78.632,1.0000000175004136e-06,375241,153,True,False,153,22.054
e2_vit_small_nomix_registers_rlast_best,/home/vault/iwi5/iwi5359h/SAGA/e2/checkpoints/ViT-S_registers_nomix/best.pth,best.pth,e2,vit_small,nomix,registers,rlast,7453f3d4d808979d74c7532bea7be24d566f73680720c6968110383d9d8e52af,best_top1;epoch;model;optimizer;scaler;top1,295,78.552,78.552,1.4383214759508654e-06,370236,153,True,False,153,22.054
e2_vit_small_nomix_registers_rlast_last,/home/vault/iwi5/iwi5359h/SAGA/e2/checkpoints/ViT-S_registers_nomix/last.pth,last.pth,e2,vit_small,nomix,registers,rlast,7ca33ed755106aa7f0d0b02ebf6ceb003808fc5dc3f78699538de1fba820e536,best_top1;epoch;model;optimizer;scaler;top1,299,78.432,78.552,1.0000000175004136e-06,375238,153,True,False,153,22.054
