epoch,iter,layer,grad_phi_norm
0,0,0,4.3006253690691665e-05
0,0,1,1.5231829820550047e-05
0,0,2,2.533854785724543e-05
0,0,3,1.1348159205226693e-05
0,0,4,9.73249007074628e-06
0,0,5,8.814792636258062e-06
0,0,6,9.491496712143999e-06
0,0,7,7.514794106100453e-06
0,0,8,8.278251698357053e-06
0,0,9,4.2864098759309854e-06
0,0,10,2.7776079605246196e-06
0,0,11,0.0
0,100,0,4.9828715418698266e-05
0,100,1,2.1657144316122867e-05
0,100,2,1.3772121747024357e-05
0,100,3,1.1377535884093959e-05
0,100,4,9.037745257955976e-06
0,100,5,8.294243343698326e-06
0,100,6,5.298360065353336e-06
0,100,7,1.012056145555107e-05
0,100,8,6.3412458075617906e-06
0,100,9,6.193525223352481e-06
0,100,10,3.5372349884710275e-06
0,100,11,0.0
0,200,0,5.660555325448513e-05
0,200,1,2.199094342358876e-05
0,200,2,1.7868695067591034e-05
0,200,3,8.89356670086272e-06
0,200,4,9.183535439660773e-06
0,200,5,9.550307368044741e-06
0,200,6,9.208930350723676e-06
0,200,7,9.618775948183611e-06
0,200,8,6.960796326893615e-06
0,200,9,5.445368060463807e-06
0,200,10,2.5520862436678726e-06
0,200,11,0.0
0,300,0,6.248625868465751e-05
0,300,1,1.726232767396141e-05
0,300,2,1.959753717528656e-05
0,300,3,1.1046785402868409e-05
0,300,4,6.926639798621181e-06
0,300,5,8.404492291447241e-06
0,300,6,1.0439443940413184e-05
0,300,7,9.608287655282766e-06
0,300,8,5.094749667478027e-06
0,300,9,4.039160103275208e-06
0,300,10,2.9658610856131418e-06
0,300,11,0.0
0,400,0,3.5684253816725686e-05
0,400,1,1.0097165613842662e-05
0,400,2,1.635993248783052e-05
0,400,3,1.3604506420961116e-05
0,400,4,1.254278322448954e-05
0,400,5,9.321165634901263e-06
0,400,6,1.1263425221841317e-05
0,400,7,9.003004379337654e-06
0,400,8,5.7736783674045e-06
0,400,9,2.5831914172158577e-06
0,400,10,1.7637343034948572e-06
0,400,11,0.0
0,500,0,5.722550849895924e-05
0,500,1,1.7277669030590914e-05
0,500,2,1.1912084119103383e-05
0,500,3,9.9057369880029e-06
0,500,4,9.220218998962082e-06
0,500,5,8.678382982907351e-06
0,500,6,4.063556389155565e-06
0,500,7,3.785110493481625e-06
0,500,8,3.834108156297589e-06
0,500,9,3.7849317777727265e-06
0,500,10,3.995476163254352e-06
0,500,11,0.0
0,600,0,4.302966044633649e-05
0,600,1,1.2621710084204096e-05
0,600,2,1.76199282577727e-05
0,600,3,8.67418111738516e-06
0,600,4,7.399008609354496e-06
0,600,5,6.182515789987519e-06
0,600,6,6.4363284764112905e-06
0,600,7,5.9100334510731045e-06
0,600,8,7.784550689393654e-06
0,600,9,3.0878427423886023e-06
0,600,10,3.3829599033197155e-06
0,600,11,0.0
0,700,0,4.079561767866835e-05
0,700,1,2.2799224097980186e-05
0,700,2,8.762257493799552e-06
0,700,3,1.0722019396780524e-05
0,700,4,9.065521226148121e-06
0,700,5,5.837462140334537e-06
0,700,6,4.755299869430019e-06
0,700,7,7.676854693272617e-06
0,700,8,5.247556600807002e-06
0,700,9,3.453224508120911e-06
0,700,10,2.8132371880928986e-06
0,700,11,0.0
0,800,0,6.214461609488353e-05
0,800,1,1.8380689652985893e-05
0,800,2,1.395834897266468e-05
0,800,3,1.3879716789233498e-05
0,800,4,9.705442607810255e-06
0,800,5,7.107392320904182e-06
0,800,6,1.0745699910330586e-05
0,800,7,4.25737198384013e-06
0,800,8,6.009722710587084e-06
0,800,9,2.0334896362328436e-06
0,800,10,2.1120513338246383e-06
0,800,11,0.0
0,900,0,7.728747004875913e-05
0,900,1,2.3048916773404926e-05
0,900,2,1.1893275768670719e-05
0,900,3,1.0045649105450138e-05
0,900,4,1.0999731784977484e-05
0,900,5,3.769701834244188e-06
0,900,6,4.597700808517402e-06
0,900,7,5.642747055389918e-06
0,900,8,3.181644842698006e-06
0,900,9,2.2696906398778083e-06
0,900,10,1.3897947610530537e-06
0,900,11,0.0
0,1000,0,5.233749106992036e-05
0,1000,1,2.5786288460949436e-05
0,1000,2,1.9446741134743206e-05
0,1000,3,5.9756648624897934e-06
0,1000,4,6.012181529513327e-06
0,1000,5,4.242674094712129e-06
0,1000,6,4.238697329128627e-06
0,1000,7,3.020961457878002e-06
0,1000,8,1.546634734950203e-06
0,1000,9,2.255990011690301e-06
0,1000,10,7.017855523372418e-07
0,1000,11,0.0
0,1100,0,4.737603012472391e-05
0,1100,1,2.0751531337737106e-05
0,1100,2,9.252470590581652e-06
0,1100,3,4.927071586280363e-06
0,1100,4,6.95864446242922e-06
0,1100,5,3.4850609154091217e-06
0,1100,6,3.9904725781525485e-06
0,1100,7,2.751760575847584e-06
0,1100,8,2.4165572085621534e-06
0,1100,9,2.0755085188284284e-06
0,1100,10,1.1212480330868857e-06
0,1100,11,0.0
0,1200,0,6.14993623457849e-05
0,1200,1,2.4623936042189598e-05
0,1200,2,1.9851968318107538e-05
0,1200,3,9.457007763558067e-06
0,1200,4,7.004821327427635e-06
0,1200,5,6.028774805599824e-06
0,1200,6,3.948498033423675e-06
0,1200,7,3.82249982067151e-06
0,1200,8,2.8519341412902577e-06
0,1200,9,2.1110952275193995e-06
0,1200,10,9.878071978164371e-07
0,1200,11,0.0
1,0,0,6.911950913490728e-05
1,0,1,5.3454677981790155e-05
1,0,2,2.5064686269615777e-05
1,0,3,1.0131589988304768e-05
1,0,4,6.245638815016719e-06
1,0,5,4.903779881715309e-06
1,0,6,3.252845317547326e-06
1,0,7,3.1802842386241537e-06
1,0,8,2.6971263196173823e-06
1,0,9,1.4220655657481984e-06
1,0,10,6.501456937257899e-07
1,0,11,0.0
1,100,0,5.174856778467074e-05
1,100,1,3.7615969631588086e-05
1,100,2,1.912686275318265e-05
1,100,3,6.126776497694664e-06
1,100,4,7.320158601942239e-06
1,100,5,3.879128144035349e-06
1,100,6,2.5557571916579036e-06
1,100,7,2.974835979330237e-06
1,100,8,1.1255120853093104e-06
1,100,9,1.1508635680002044e-06
1,100,10,8.07341848485521e-07
1,100,11,0.0
1,200,0,5.405206320574507e-05
1,200,1,2.8479664251790382e-05
1,200,2,1.2682415217568632e-05
1,200,3,7.722645023022778e-06
1,200,4,4.101795639144257e-06
1,200,5,2.512261971787666e-06
1,200,6,2.745647407209617e-06
1,200,7,2.755717787294998e-06
1,200,8,1.1400328503441415e-06
1,200,9,7.114520030881977e-07
1,200,10,8.425764690400683e-07
1,200,11,0.0
1,300,0,0.00011471138714114204
1,300,1,3.211611328879371e-05
1,300,2,1.0306539479643106e-05
1,300,3,1.091502963390667e-05
1,300,4,4.014156729681417e-06
1,300,5,3.3081114452215843e-06
1,300,6,3.006179213116411e-06
1,300,7,3.7662862268916797e-06
1,300,8,3.3237249681405956e-06
1,300,9,1.8253788311994867e-06
1,300,10,1.7510772067907965e-06
1,300,11,0.0
1,400,0,8.190383960027248e-05
1,400,1,3.855674367514439e-05
1,400,2,1.2027266166114714e-05
1,400,3,6.816768291173503e-06
1,400,4,7.688518053328153e-06
1,400,5,4.41586007582373e-06
1,400,6,3.0577159577660495e-06
1,400,7,1.7201816717715701e-06
1,400,8,1.8949800733025768e-06
1,400,9,1.5995882449715282e-06
1,400,10,7.081099511196953e-07
1,400,11,0.0
1,500,0,9.050390508491546e-05
1,500,1,8.868869190337136e-05
1,500,2,2.4664614102221094e-05
1,500,3,1.1067850209656172e-05
1,500,4,4.867803454544628e-06
1,500,5,2.9652474040631205e-06
1,500,6,2.3878315005276818e-06
1,500,7,1.1027960908904788e-06
1,500,8,1.957485210368759e-06
1,500,9,7.490877464988444e-07
1,500,10,7.709427336521912e-07
1,500,11,0.0
1,600,0,0.0001224574079969898
1,600,1,6.842560833320022e-05
1,600,2,1.5679141142754816e-05
1,600,3,9.35302614379907e-06
1,600,4,7.653829925402533e-06
1,600,5,1.9245824205427198e-06
1,600,6,3.3541682569193654e-06
1,600,7,2.7764172045863234e-06
1,600,8,1.492317551310407e-06
1,600,9,7.524166676375899e-07
1,600,10,8.761417689129303e-07
1,600,11,0.0
1,700,0,0.00011278912279522046
1,700,1,6.717190990457311e-05
1,700,2,1.6767047782195732e-05
1,700,3,8.54884729051264e-06
1,700,4,4.530136266112095e-06
1,700,5,3.287731715317932e-06
1,700,6,2.606896941870218e-06
1,700,7,1.118742488870339e-06
1,700,8,1.5052632988954429e-06
1,700,9,5.822872140015534e-07
1,700,10,3.763791767141811e-07
1,700,11,0.0
1,800,0,0.0001455473538953811
1,800,1,0.00011756170715671033
1,800,2,5.421389505499974e-05
1,800,3,1.2399177649058402e-05
1,800,4,5.4463216656586155e-06
1,800,5,2.753771696006879e-06
1,800,6,1.7010459032462677e-06
1,800,7,8.441168120043585e-07
1,800,8,1.3506454479284002e-06
1,800,9,4.134309961045801e-07
1,800,10,3.2813358075145516e-07
1,800,11,0.0
1,900,0,0.0002188234793720767
1,900,1,9.199186752084643e-05
1,900,2,4.341824751463719e-05
1,900,3,1.2051176781824324e-05
1,900,4,5.683106337528443e-06
1,900,5,2.930241635112907e-06
1,900,6,1.6430461755589931e-06
1,900,7,1.366463379781635e-06
1,900,8,1.7894210486701922e-06
1,900,9,1.3549012010116712e-06
1,900,10,5.187017677599215e-07
1,900,11,0.0
1,1000,0,0.00021271605510264635
1,1000,1,0.00011747800454031676
1,1000,2,2.950984526250977e-05
1,1000,3,8.731823982088827e-06
1,1000,4,4.629611339623807e-06
1,1000,5,4.315795194997918e-06
1,1000,6,1.9492797491693636e-06
1,1000,7,1.339870777883334e-06
1,1000,8,1.4931807754692272e-06
1,1000,9,1.0911825256698648e-06
1,1000,10,7.462384701284464e-07
1,1000,11,0.0
1,1100,0,0.00015653199807275087
1,1100,1,7.41415933589451e-05
1,1100,2,3.264509359723888e-05
1,1100,3,9.92368677543709e-06
1,1100,4,3.983342594438e-06
1,1100,5,2.6069637897307985e-06
1,1100,6,1.2511610520959948e-06
1,1100,7,1.1112321089967736e-06
1,1100,8,1.1098551340182894e-06
1,1100,9,4.851986545872933e-07
1,1100,10,4.2550146872599726e-07
1,1100,11,0.0
1,1200,0,0.00028081086929887533
1,1200,1,0.00015124156197998673
1,1200,2,6.366686284309253e-05
1,1200,3,1.647958197281696e-05
1,1200,4,4.891462594969198e-06
1,1200,5,5.07421100337524e-06
1,1200,6,2.3412014797941083e-06
1,1200,7,1.7473188336225576e-06
1,1200,8,1.426541984983487e-06
1,1200,9,5.472675752571377e-07
1,1200,10,4.969406290911138e-07
1,1200,11,0.0
