layer_range_label,layer_range,base_run_id,arch,recipe_actual,n_neurons,n_images,top1,top1_drop,outlier_count_canon,outlier_count_mad,outlier_reduction_frac,oversmooth_pairwise,layers_touched,passes,is_chosen_operating_point,canon_tau,ckpt_sha256,source_file,git_sha_at_run,endpoint_class
all,"0,12",e2r_vits_mixup_baseline_s1,vit_small,mixup,0,5000,79.14,0,19.7064,18.2568,MISSING,0.4727887954,MISSING,MISSING,0,20.8515625,3aa41a7225b69146a419c618049d7a9f348d259d3ae750749755e0addc2759ac,results\ttr\e2r_vits_mixup_baseline_s1\sweep.csv,a6355799dfa0c0e8b8468c60658bd575eb952d6b,descriptive
all,"0,12",e2r_vits_mixup_baseline_s1,vit_small,mixup,9,5000,76.14,3,10.5908,8.665,0.4625705355,0.4546300873,"0,4,5,6,8",False,0,20.8515625,3aa41a7225b69146a419c618049d7a9f348d259d3ae750749755e0addc2759ac,results\ttr\e2r_vits_mixup_baseline_s1\sweep.csv,a6355799dfa0c0e8b8468c60658bd575eb952d6b,descriptive
all,"0,12",e2r_vits_mixup_baseline_s1,vit_small,mixup,10,5000,76.2,2.94,5.7316,6.2604,0.7091503268,0.4392173438,"0,4,5,6,8",False,0,20.8515625,3aa41a7225b69146a419c618049d7a9f348d259d3ae750749755e0addc2759ac,results\ttr\e2r_vits_mixup_baseline_s1\sweep.csv,a6355799dfa0c0e8b8468c60658bd575eb952d6b,descriptive
all,"0,12",e2r_vits_mixup_baseline_s1,vit_small,mixup,11,5000,76.26,2.88,4.9622,5.8452,0.7481934803,0.4369450183,"0,4,5,6,7,8",False,0,20.8515625,3aa41a7225b69146a419c618049d7a9f348d259d3ae750749755e0addc2759ac,results\ttr\e2r_vits_mixup_baseline_s1\sweep.csv,a6355799dfa0c0e8b8468c60658bd575eb952d6b,descriptive
all,"0,12",e2r_vits_mixup_baseline_s1,vit_small,mixup,12,5000,76.24,2.9,4.7218,5.5822,0.7603925628,0.4362911304,"0,4,5,6,7,8,10",False,0,20.8515625,3aa41a7225b69146a419c618049d7a9f348d259d3ae750749755e0addc2759ac,results\ttr\e2r_vits_mixup_baseline_s1\sweep.csv,a6355799dfa0c0e8b8468c60658bd575eb952d6b,descriptive
all,"0,12",e2r_vits_mixup_baseline_s1,vit_small,mixup,13,5000,76.22,2.92,5.3926,5.767,0.72635286,0.4400907389,"0,4,5,6,7,8,10",False,0,20.8515625,3aa41a7225b69146a419c618049d7a9f348d259d3ae750749755e0addc2759ac,results\ttr\e2r_vits_mixup_baseline_s1\sweep.csv,a6355799dfa0c0e8b8468c60658bd575eb952d6b,descriptive
all,"0,12",e2r_vits_mixup_baseline_s1,vit_small,mixup,14,5000,76.3,2.84,5.1552,5.7162,0.7383997077,0.4384820453,"0,4,5,6,7,8,10",False,0,20.8515625,3aa41a7225b69146a419c618049d7a9f348d259d3ae750749755e0addc2759ac,results\ttr\e2r_vits_mixup_baseline_s1\sweep.csv,a6355799dfa0c0e8b8468c60658bd575eb952d6b,descriptive
all,"0,12",e2r_vits_mixup_baseline_s1,vit_small,mixup,15,5000,76.32,2.82,4.62,5.2314,0.7655583973,0.43921895,"0,4,5,6,7,8,10",False,0,20.8515625,3aa41a7225b69146a419c618049d7a9f348d259d3ae750749755e0addc2759ac,results\ttr\e2r_vits_mixup_baseline_s1\sweep.csv,a6355799dfa0c0e8b8468c60658bd575eb952d6b,descriptive
midlayer,"3,12",e2r_vitb_mixup_baseline_s1,vit_base,mixup,0,5000,77.1,0,11.4364,9.538,MISSING,0.7334030468,MISSING,MISSING,0,127.3125,316211c719c41113c1f9bffa7f500e158d727c0f0998e41869796209a3fd1339,results\ttr_midlayer\e2r_vitb_mixup_baseline_s1\sweep.csv,fa5601e395925f4ff859af50a0a92deb0b5c7a95,descriptive
midlayer,"3,12",e2r_vitb_mixup_baseline_s1,vit_base,mixup,8,5000,76.56,0.54,7.9914,6.5918,0.3012311567,0.7285342735,"5,6",False,0,127.3125,316211c719c41113c1f9bffa7f500e158d727c0f0998e41869796209a3fd1339,results\ttr_midlayer\e2r_vitb_mixup_baseline_s1\sweep.csv,fa5601e395925f4ff859af50a0a92deb0b5c7a95,descriptive
midlayer,"3,12",e2r_vitb_mixup_baseline_s1,vit_base,mixup,10,5000,76.24,0.86,7.0918,5.8852,0.3798922738,0.72909333,"5,6",False,0,127.3125,316211c719c41113c1f9bffa7f500e158d727c0f0998e41869796209a3fd1339,results\ttr_midlayer\e2r_vitb_mixup_baseline_s1\sweep.csv,fa5601e395925f4ff859af50a0a92deb0b5c7a95,descriptive
midlayer,"3,12",e2r_vitb_mixup_baseline_s1,vit_base,mixup,12,5000,76.3,0.8,7.1072,6.274,0.3785456962,0.7335730457,"4,5,6",False,0,127.3125,316211c719c41113c1f9bffa7f500e158d727c0f0998e41869796209a3fd1339,results\ttr_midlayer\e2r_vitb_mixup_baseline_s1\sweep.csv,fa5601e395925f4ff859af50a0a92deb0b5c7a95,descriptive
midlayer,"3,12",e2r_vitb_mixup_baseline_s1,vit_base,mixup,16,5000,76,1.1,6.2032,5.8776,0.4575915498,0.733210183,"4,5,6",False,0,127.3125,316211c719c41113c1f9bffa7f500e158d727c0f0998e41869796209a3fd1339,results\ttr_midlayer\e2r_vitb_mixup_baseline_s1\sweep.csv,fa5601e395925f4ff859af50a0a92deb0b5c7a95,descriptive
midlayer,"3,12",e2r_vitb_mixup_baseline_s1,vit_base,mixup,24,5000,76.08,1.02,5.1246,4.2,0.5519044455,0.751545204,"3,4,5,6,9",False,1,127.3125,316211c719c41113c1f9bffa7f500e158d727c0f0998e41869796209a3fd1339,results\ttr_midlayer\e2r_vitb_mixup_baseline_s1\sweep.csv,fa5601e395925f4ff859af50a0a92deb0b5c7a95,descriptive
midlayer,"3,12",e2r_vits_mixup_baseline_s1,vit_small,mixup,0,5000,79.14,0,19.7064,18.2568,MISSING,0.4727887954,MISSING,MISSING,0,20.8515625,3aa41a7225b69146a419c618049d7a9f348d259d3ae750749755e0addc2759ac,results\ttr_midlayer\e2r_vits_mixup_baseline_s1\sweep.csv,fa5601e395925f4ff859af50a0a92deb0b5c7a95,descriptive
midlayer,"3,12",e2r_vits_mixup_baseline_s1,vit_small,mixup,8,5000,78.86,0.28,15.2944,14.133,0.2238866561,0.467965369,"4,5,6,8",False,0,20.8515625,3aa41a7225b69146a419c618049d7a9f348d259d3ae750749755e0addc2759ac,results\ttr_midlayer\e2r_vits_mixup_baseline_s1\sweep.csv,fa5601e395925f4ff859af50a0a92deb0b5c7a95,descriptive
midlayer,"3,12",e2r_vits_mixup_baseline_s1,vit_small,mixup,10,5000,78.72,0.42,9.6428,10.985,0.5106767345,0.4510462284,"4,5,6,7,8",True,0,20.8515625,3aa41a7225b69146a419c618049d7a9f348d259d3ae750749755e0addc2759ac,results\ttr_midlayer\e2r_vits_mixup_baseline_s1\sweep.csv,fa5601e395925f4ff859af50a0a92deb0b5c7a95,descriptive
midlayer,"3,12",e2r_vits_mixup_baseline_s1,vit_small,mixup,12,5000,78.64,0.5,9.9066,10.8192,0.4972902204,0.4501743036,"4,5,6,7,8,10",False,0,20.8515625,3aa41a7225b69146a419c618049d7a9f348d259d3ae750749755e0addc2759ac,results\ttr_midlayer\e2r_vits_mixup_baseline_s1\sweep.csv,fa5601e395925f4ff859af50a0a92deb0b5c7a95,descriptive
midlayer,"3,12",e2r_vits_mixup_baseline_s1,vit_small,mixup,16,5000,78.6,0.54,4.4524,6.5132,0.7740632485,0.4452394716,"4,5,6,7,8,10",True,0,20.8515625,3aa41a7225b69146a419c618049d7a9f348d259d3ae750749755e0addc2759ac,results\ttr_midlayer\e2r_vits_mixup_baseline_s1\sweep.csv,fa5601e395925f4ff859af50a0a92deb0b5c7a95,descriptive
midlayer,"3,12",e2r_vits_mixup_baseline_s1,vit_small,mixup,24,5000,78.72,0.42,1.8994,3.4754,0.9036150692,0.4492216786,"3,4,5,6,7,8,10",True,1,20.8515625,3aa41a7225b69146a419c618049d7a9f348d259d3ae750749755e0addc2759ac,results\ttr_midlayer\e2r_vits_mixup_baseline_s1\sweep.csv,fa5601e395925f4ff859af50a0a92deb0b5c7a95,descriptive
midlayer,"3,12",e2r_vits_nomix_baseline_s1,vit_small,nomix,0,5000,73.14,0,3.7016,3.2846,MISSING,0.1381856863,MISSING,MISSING,0,22.859375,207a5e907fab6e3bf23abafce51b2bc55687b10ae70e65bf72c84b78fbe63c95,results\ttr_midlayer\e2r_vits_nomix_baseline_s1\sweep.csv,fa5601e395925f4ff859af50a0a92deb0b5c7a95,descriptive
midlayer,"3,12",e2r_vits_nomix_baseline_s1,vit_small,nomix,8,5000,72.94,0.2,2.1552,2.4186,0.4177652907,0.1471610492,11,False,0,22.859375,207a5e907fab6e3bf23abafce51b2bc55687b10ae70e65bf72c84b78fbe63c95,results\ttr_midlayer\e2r_vits_nomix_baseline_s1\sweep.csv,fa5601e395925f4ff859af50a0a92deb0b5c7a95,descriptive
midlayer,"3,12",e2r_vits_nomix_baseline_s1,vit_small,nomix,10,5000,72.94,0.2,2.1636,2.4184,0.4154960017,0.1483627876,11,False,0,22.859375,207a5e907fab6e3bf23abafce51b2bc55687b10ae70e65bf72c84b78fbe63c95,results\ttr_midlayer\e2r_vits_nomix_baseline_s1\sweep.csv,fa5601e395925f4ff859af50a0a92deb0b5c7a95,descriptive
midlayer,"3,12",e2r_vits_nomix_baseline_s1,vit_small,nomix,12,5000,72.94,0.2,2.2194,2.455,0.4004214394,0.1462288745,11,False,0,22.859375,207a5e907fab6e3bf23abafce51b2bc55687b10ae70e65bf72c84b78fbe63c95,results\ttr_midlayer\e2r_vits_nomix_baseline_s1\sweep.csv,fa5601e395925f4ff859af50a0a92deb0b5c7a95,descriptive
midlayer,"3,12",e2r_vits_nomix_baseline_s1,vit_small,nomix,16,5000,72.94,0.2,2.2202,2.3996,0.4002053166,0.1467703659,11,False,0,22.859375,207a5e907fab6e3bf23abafce51b2bc55687b10ae70e65bf72c84b78fbe63c95,results\ttr_midlayer\e2r_vits_nomix_baseline_s1\sweep.csv,fa5601e395925f4ff859af50a0a92deb0b5c7a95,descriptive
midlayer,"3,12",e2r_vits_nomix_baseline_s1,vit_small,nomix,24,5000,72.98,0.16,2.1402,2.3564,0.4218175924,0.1491921649,"4,10,11",False,1,22.859375,207a5e907fab6e3bf23abafce51b2bc55687b10ae70e65bf72c84b78fbe63c95,results\ttr_midlayer\e2r_vits_nomix_baseline_s1\sweep.csv,fa5601e395925f4ff859af50a0a92deb0b5c7a95,descriptive
midlayer,"3,12",legacy_vits_baseline,vit_small,mixup,0,5000,79.16,0,15.309,13.8712,MISSING,0.4011086524,MISSING,MISSING,0,20.8515625,cd926200127b98cbc597ddad82d84fd823376addc0ac1075a98de73b21e7d17d,results\ttr_midlayer\legacy_vits_baseline\sweep.csv,fa5601e395925f4ff859af50a0a92deb0b5c7a95,descriptive
midlayer,"3,12",legacy_vits_baseline,vit_small,mixup,8,5000,78.58,0.58,3.3742,5.6298,0.7795937031,0.3701951569,"4,5,6",True,0,20.8515625,cd926200127b98cbc597ddad82d84fd823376addc0ac1075a98de73b21e7d17d,results\ttr_midlayer\legacy_vits_baseline\sweep.csv,fa5601e395925f4ff859af50a0a92deb0b5c7a95,descriptive
midlayer,"3,12",legacy_vits_baseline,vit_small,mixup,10,5000,78.82,0.34,4.393,6.5134,0.7130446143,0.3673628061,"4,5,6",True,0,20.8515625,cd926200127b98cbc597ddad82d84fd823376addc0ac1075a98de73b21e7d17d,results\ttr_midlayer\legacy_vits_baseline\sweep.csv,fa5601e395925f4ff859af50a0a92deb0b5c7a95,descriptive
midlayer,"3,12",legacy_vits_baseline,vit_small,mixup,12,5000,78.62,0.54,3.6898,6.4322,0.7589783787,0.3505267281,"4,5,6",True,0,20.8515625,cd926200127b98cbc597ddad82d84fd823376addc0ac1075a98de73b21e7d17d,results\ttr_midlayer\legacy_vits_baseline\sweep.csv,fa5601e395925f4ff859af50a0a92deb0b5c7a95,descriptive
midlayer,"3,12",legacy_vits_baseline,vit_small,mixup,16,5000,78.62,0.54,1.43,3.7958,0.9065908942,0.3556687394,"3,4,5,6,10,11",True,0,20.8515625,cd926200127b98cbc597ddad82d84fd823376addc0ac1075a98de73b21e7d17d,results\ttr_midlayer\legacy_vits_baseline\sweep.csv,fa5601e395925f4ff859af50a0a92deb0b5c7a95,descriptive
midlayer,"3,12",legacy_vits_baseline,vit_small,mixup,24,5000,78.68,0.48,0.9252,2.13,0.9395649618,0.3421211121,"3,4,5,6,8,9,10,11",True,1,20.8515625,cd926200127b98cbc597ddad82d84fd823376addc0ac1075a98de73b21e7d17d,results\ttr_midlayer\legacy_vits_baseline\sweep.csv,fa5601e395925f4ff859af50a0a92deb0b5c7a95,descriptive
