epoch,lr,train_loss,val_top1_full,val_top5_full,val_loss,img_per_sec,wall_time
0,5.091e-05,6.7301,4.556,13.064,5.964,4213.5,304.0
1,0.00010086,6.3925,8.628,21.938,5.3704,4223.0,303.3
2,0.00015081,6.2212,12.636,29.722,4.9432,4225.8,303.1
3,0.00020076,6.031,18.512,38.9,4.4272,4218.0,303.7
4,0.00025071,5.8156,24.382,46.802,3.9972,4220.3,303.5
5,0.00030066,5.6089,29.966,53.956,3.5889,4218.5,303.7
6,0.00035061,5.3993,34.568,59.334,3.2727,4217.1,303.8
7,0.00040056,5.2335,39.22,64.42,2.971,4218.1,303.7
8,0.00045051,5.0974,42.784,68.254,2.7537,4217.3,303.8
9,0.00050046,4.9913,44.976,70.276,2.616,4218.2,303.7
10,0.00055041,4.877,47.568,72.928,2.4688,4228.7,302.9
11,0.00060036,4.7567,49.89,74.718,2.3517,4219.7,303.6
12,0.00065031,4.6962,52.018,76.806,2.2476,4217.3,303.8
13,0.00070026,4.5575,52.794,77.174,2.1924,4215.4,303.9
14,0.00075021,4.491,54.654,78.866,2.1311,4214.4,304.0
15,0.00080016,4.4284,55.63,79.828,2.0556,4215.0,303.9
16,0.00085011,4.3935,57.182,81.1,1.927,4217.5,303.7
17,0.00090006,4.3516,57.564,81.094,1.9293,4215.8,303.9
18,0.00095001,4.2948,58.362,81.684,1.9106,4213.3,304.0
19,0.00099996,4.2615,59.536,82.724,1.8394,4212.4,304.1
20,0.00098797,4.2189,60.734,83.606,1.7654,4223.0,303.3
21,0.0009868,4.1599,61.142,83.822,1.7509,4214.9,303.9
22,0.00098558,4.0931,62.234,84.53,1.7474,4213.2,304.1
23,0.00098431,4.0461,63.394,85.138,1.6789,4213.2,304.0
24,0.00098298,4.0342,63.606,85.786,1.6262,4220.1,303.6
25,0.0009816,3.9861,64.538,86.09,1.6054,4215.3,303.9
26,0.00098017,3.9512,64.876,86.296,1.5827,4218.0,303.7
27,0.00097868,3.863,65.812,86.822,1.549,4218.8,303.6
28,0.00097714,3.8662,66.18,87.196,1.5135,4216.8,303.8
29,0.00097555,3.8428,66.332,87.424,1.5662,4218.2,303.7
30,0.00097391,3.8065,66.932,87.514,1.5133,4223.5,303.3
31,0.00097222,3.8047,67.446,87.98,1.4573,4214.2,304.0
32,0.00097047,3.7937,67.852,88.366,1.4344,4220.0,303.6
33,0.00096867,3.7474,68.248,88.456,1.4045,4220.0,303.6
34,0.00096682,3.7235,68.476,88.66,1.3978,4217.1,303.8
35,0.00096492,3.7163,68.414,88.9,1.3964,4218.7,303.7
36,0.00096297,3.697,68.926,89.174,1.385,4218.7,303.7
37,0.00096097,3.654,69.278,89.258,1.354,4220.0,303.6
38,0.00095892,3.6428,69.96,89.544,1.3355,4220.3,303.5
39,0.00095682,3.6174,69.784,89.398,1.3533,4220.1,303.6
40,0.00095467,3.6161,69.802,89.338,1.3623,4224.1,303.3
41,0.00095246,3.6113,70.082,89.684,1.3592,4219.4,303.6
42,0.00095021,3.5892,70.124,89.748,1.3356,4217.5,303.7
43,0.00094791,3.5666,70.452,90.04,1.3273,4217.1,303.8
44,0.00094556,3.5466,70.644,89.926,1.2906,4222.2,303.4
45,0.00094316,3.5533,70.754,89.87,1.3354,4220.0,303.6
46,0.00094071,3.5179,70.878,90.474,1.2739,4217.2,303.8
47,0.00093822,3.4951,71.0,90.52,1.2964,4218.1,303.7
48,0.00093567,3.5152,71.292,90.364,1.2798,4218.7,303.7
49,0.00093308,3.4838,71.582,90.702,1.2487,4218.2,303.7
50,0.00093044,3.4936,71.538,90.6,1.258,4221.6,303.4
51,0.00092776,3.4551,71.56,90.654,1.2736,4222.6,303.4
52,0.00092502,3.4631,71.85,90.618,1.2586,4221.3,303.5
53,0.00092224,3.4439,71.732,90.668,1.2437,4217.6,303.7
54,0.00091942,3.4422,72.148,90.956,1.2393,4220.4,303.5
55,0.00091655,3.4399,72.318,90.926,1.2492,4218.6,303.7
56,0.00091363,3.4479,72.064,90.97,1.244,4218.5,303.7
57,0.00091067,3.4047,72.078,90.854,1.2573,4217.7,303.7
58,0.00090766,3.4185,72.278,90.798,1.2324,4218.3,303.7
59,0.00090461,3.4113,72.49,91.18,1.2267,4217.9,303.7
60,0.00090151,3.3704,72.756,91.166,1.2205,4225.4,303.2
61,0.00089837,3.3778,72.366,90.998,1.2155,4216.5,303.8
62,0.00089518,3.393,72.498,90.98,1.2521,4218.8,303.6
63,0.00089196,3.3513,72.536,91.152,1.2329,4220.7,303.5
64,0.00088869,3.3602,72.658,91.178,1.2138,4211.1,304.2
65,0.00088537,3.3768,72.862,91.288,1.199,4215.9,303.9
66,0.00088202,3.3761,73.062,91.416,1.2023,4214.5,304.0
67,0.00087862,3.3663,73.342,91.584,1.1856,4220.2,303.5
68,0.00087518,3.3291,73.256,91.418,1.194,4213.3,304.0
69,0.0008717,3.3334,72.934,91.582,1.2186,4213.9,304.0
70,0.00086818,3.3354,73.41,91.454,1.1782,4223.0,303.3
71,0.00086462,3.3203,73.406,91.474,1.1895,4221.1,303.5
72,0.00086102,3.3243,73.278,91.562,1.2126,4215.0,303.9
73,0.00085738,3.3036,73.37,91.54,1.1964,4215.9,303.9
74,0.0008537,3.3047,73.684,91.65,1.1682,4217.4,303.7
75,0.00084998,3.2866,73.778,91.676,1.1872,4217.0,303.8
76,0.00084623,3.2838,73.684,91.884,1.1678,4218.6,303.7
77,0.00084243,3.2779,73.73,91.98,1.1792,4214.7,303.9
78,0.0008386,3.2698,73.742,91.91,1.1499,4219.2,303.6
79,0.00083473,3.2654,73.938,91.856,1.1545,4219.0,303.6
80,0.00083083,3.2417,73.544,91.586,1.1929,4224.9,303.2
81,0.00082689,3.2314,74.05,91.95,1.1633,4217.6,303.7
82,0.00082291,3.2695,73.862,91.848,1.1754,4224.4,303.2
83,0.0008189,3.2391,74.164,91.874,1.17,4219.4,303.6
84,0.00081485,3.2501,73.922,91.99,1.1588,4217.9,303.7
85,0.00081077,3.2429,74.202,92.146,1.1505,4215.7,303.9
86,0.00080665,3.2204,74.354,91.964,1.1339,4221.5,303.5
87,0.0008025,3.2203,74.368,92.084,1.1398,4219.7,303.6
88,0.00079832,3.2161,74.396,92.146,1.1558,4220.9,303.5
89,0.0007941,3.1944,74.284,92.092,1.1727,4219.4,303.6
90,0.00078985,3.1911,74.328,92.278,1.1239,4223.6,303.3
91,0.00078557,3.2205,74.42,92.138,1.1413,4216.8,303.8
92,0.00078126,3.1957,74.416,92.144,1.1506,4219.2,303.6
93,0.00077692,3.21,74.378,92.22,1.1281,4215.9,303.9
94,0.00077255,3.1647,74.482,92.23,1.1316,4218.9,303.6
95,0.00076815,3.1686,74.6,92.376,1.1349,4215.9,303.9
96,0.00076372,3.1763,74.704,92.44,1.1056,4218.3,303.7
97,0.00075926,3.172,74.714,92.406,1.1292,4217.6,303.7
98,0.00075477,3.167,74.498,92.126,1.1594,4217.6,303.7
99,0.00075025,3.1529,74.92,92.448,1.1064,4216.6,303.8
100,0.00074571,3.1548,74.622,92.396,1.1294,4224.7,303.2
101,0.00074114,3.1519,74.876,92.384,1.1164,4219.8,303.6
102,0.00073654,3.1397,74.72,92.288,1.1364,4219.8,303.6
103,0.00073192,3.1561,74.866,92.346,1.1286,4219.5,303.6
104,0.00072727,3.1186,74.588,92.108,1.1459,4215.8,303.9
105,0.0007226,3.125,74.912,92.394,1.1211,4216.2,303.8
106,0.0007179,3.1145,74.818,92.372,1.1189,4218.2,303.7
107,0.00071318,3.123,75.008,92.34,1.1073,4216.3,303.8
108,0.00070844,3.1119,75.09,92.33,1.1233,4220.4,303.5
109,0.00070367,3.1363,75.146,92.386,1.1051,4216.6,303.8
110,0.00069888,3.1075,75.438,92.536,1.1038,4226.1,303.1
111,0.00069407,3.0961,75.696,92.764,1.0871,4221.1,303.5
112,0.00068924,3.0836,75.08,92.456,1.116,4215.7,303.9
113,0.00068438,3.0928,75.146,92.526,1.1198,4215.5,303.9
114,0.00067951,3.0944,75.452,92.54,1.1006,4214.1,304.0
115,0.00067462,3.0756,75.5,92.56,1.1021,4215.0,303.9
116,0.0006697,3.0861,75.49,92.594,1.1012,4214.2,304.0
117,0.00066477,3.0757,75.582,92.71,1.1097,4214.4,304.0
118,0.00065982,3.0581,75.472,92.596,1.1364,4216.4,303.8
119,0.00065486,3.0747,75.49,92.706,1.114,4215.0,303.9
120,0.00064987,3.0398,75.514,92.626,1.1064,4225.6,303.2
121,0.00064488,3.0374,75.562,92.602,1.144,4215.4,303.9
122,0.00063986,3.0481,75.63,92.734,1.0796,4216.8,303.8
123,0.00063483,3.043,75.662,92.624,1.0993,4217.2,303.8
124,0.00062978,3.0233,75.278,92.5,1.1284,4218.5,303.7
125,0.00062472,3.0251,75.922,92.642,1.0833,4216.0,303.8
126,0.00061965,2.9886,75.688,92.54,1.0969,4217.3,303.8
127,0.00061457,3.034,75.784,92.646,1.1103,4217.1,303.8
128,0.00060947,3.0112,76.038,92.774,1.0837,4216.5,303.8
129,0.00060436,2.9904,75.878,92.65,1.0849,4218.4,303.7
130,0.00059923,3.0016,75.86,92.662,1.0936,4222.5,303.4
131,0.0005941,2.9744,75.986,92.756,1.0797,4216.3,303.8
132,0.00058896,3.0,76.256,92.914,1.0635,4215.0,303.9
133,0.00058381,2.963,76.018,92.962,1.0754,4220.7,303.5
134,0.00057864,2.9666,75.922,92.626,1.0899,4220.4,303.5
135,0.00057347,2.9532,76.148,92.732,1.0777,4215.8,303.9
136,0.00056829,2.9726,75.714,92.672,1.0932,4219.8,303.6
137,0.00056311,2.9469,75.912,92.858,1.078,4215.7,303.9
138,0.00055792,2.9512,76.14,92.75,1.0861,4212.8,304.1
139,0.00055272,2.9391,75.886,92.706,1.0888,4216.7,303.8
140,0.00054751,2.9233,76.242,92.862,1.0661,4223.6,303.3
141,0.0005423,2.9457,76.406,93.026,1.0502,4218.3,303.7
142,0.00053709,2.9377,76.34,92.868,1.0657,4220.0,303.6
143,0.00053187,2.9437,75.928,92.672,1.0967,4216.9,303.8
144,0.00052665,2.8965,76.146,92.954,1.0841,4216.6,303.8
145,0.00052142,2.9041,76.258,92.866,1.0681,4219.2,303.6
146,0.00051619,2.9172,76.136,92.8,1.0863,4221.1,303.5
147,0.00051096,2.8966,76.142,92.932,1.0802,4223.8,303.3
148,0.00050573,2.9075,76.11,92.826,1.086,4221.8,303.4
149,0.0005005,2.8411,76.34,93.134,1.0543,4223.4,303.3
150,0.00049527,2.8594,76.004,92.998,1.0849,4228.9,302.9
151,0.00049004,2.8838,76.348,93.068,1.0704,4224.0,303.3
152,0.00048481,2.8745,76.4,92.934,1.08,4220.1,303.6
153,0.00047959,2.8701,76.322,92.842,1.0824,4221.9,303.4
154,0.00047436,2.8517,76.396,93.032,1.0767,4221.0,303.5
155,0.00046914,2.8361,76.272,92.888,1.0962,4219.4,303.6
156,0.00046392,2.8315,76.294,92.862,1.0627,4224.6,303.2
157,0.00045871,2.8362,76.098,92.764,1.0901,4223.0,303.3
158,0.0004535,2.8382,76.168,92.936,1.0844,4221.8,303.4
159,0.00044829,2.8375,76.206,92.8,1.0824,4223.7,303.3
160,0.00044309,2.8404,76.398,92.788,1.0911,4229.6,302.9
161,0.0004379,2.817,76.23,92.776,1.1024,4220.4,303.5
162,0.00043271,2.7968,76.13,92.806,1.0787,4223.3,303.3
163,0.00042754,2.788,76.314,92.764,1.0907,4220.8,303.5
164,0.00042237,2.8069,76.258,92.956,1.0877,4223.6,303.3
165,0.0004172,2.8166,76.694,92.968,1.0775,4219.9,303.6
166,0.00041205,2.7908,76.204,92.872,1.0882,4223.0,303.3
167,0.00040691,2.7721,76.584,92.892,1.0935,4220.0,303.6
168,0.00040177,2.7587,76.548,92.938,1.0719,4219.0,303.6
169,0.00039665,2.7719,76.306,92.894,1.0823,4217.8,303.7
170,0.00039154,2.772,76.818,93.004,1.0787,4227.8,303.0
171,0.00038644,2.7501,76.402,92.886,1.0853,4219.0,303.6
172,0.00038136,2.7434,76.38,92.924,1.0694,4217.4,303.7
173,0.00037628,2.7369,76.372,92.766,1.0829,4221.0,303.5
174,0.00037122,2.7406,76.52,92.936,1.0913,4221.7,303.4
175,0.00036618,2.7287,76.638,92.978,1.0869,4223.3,303.3
176,0.00036115,2.7422,76.442,92.828,1.0871,4223.7,303.3
177,0.00035613,2.6983,76.398,92.83,1.0995,4218.1,303.7
178,0.00035113,2.717,76.144,92.744,1.1106,4219.9,303.6
179,0.00034615,2.6979,76.62,92.896,1.0788,4221.4,303.5
180,0.00034118,2.6796,76.502,92.886,1.0851,4228.2,303.0
181,0.00033624,2.695,76.592,92.86,1.0909,4220.4,303.5
182,0.0003313,2.6945,76.57,92.768,1.1075,4216.6,303.8
183,0.00032639,2.6703,76.412,92.624,1.1131,4213.7,304.0
184,0.0003215,2.6784,76.422,92.656,1.113,4218.8,303.6
185,0.00031663,2.6682,76.364,92.798,1.1017,4221.7,303.4
186,0.00031177,2.656,76.432,92.874,1.1019,4220.0,303.6
187,0.00030694,2.6581,76.5,92.844,1.0969,4220.7,303.5
188,0.00030213,2.6409,76.35,92.768,1.1192,4217.2,303.8
189,0.00029734,2.6427,76.54,92.722,1.1087,4219.5,303.6
190,0.00029257,2.6421,76.63,92.738,1.0923,4229.3,302.9
191,0.00028783,2.5922,76.438,92.572,1.115,4220.3,303.5
192,0.00028311,2.6192,76.492,92.736,1.1087,4218.1,303.7
193,0.00027841,2.6092,76.41,92.698,1.113,4220.2,303.5
194,0.00027374,2.5853,76.592,92.738,1.1229,4218.4,303.7
195,0.00026909,2.5964,76.316,92.574,1.1199,4215.3,303.9
196,0.00026446,2.5879,76.56,92.558,1.1437,4216.9,303.8
197,0.00025987,2.5814,76.528,92.814,1.1057,4218.3,303.7
198,0.0002553,2.5718,76.588,92.61,1.1291,4224.8,303.2
199,0.00025075,2.5596,76.18,92.45,1.1374,4217.3,303.8
200,0.00024624,2.551,76.252,92.476,1.1327,4222.9,303.4
201,0.00024175,2.5375,76.31,92.644,1.1317,4217.3,303.8
202,0.00023729,2.5406,76.67,92.762,1.1216,4216.1,303.8
203,0.00023286,2.5395,76.412,92.538,1.135,4218.1,303.7
204,0.00022846,2.5455,76.142,92.48,1.1491,4213.3,304.0
205,0.00022408,2.5124,76.322,92.444,1.1554,4219.2,303.6
206,0.00021974,2.504,76.416,92.572,1.1311,4218.4,303.7
207,0.00021543,2.5089,76.428,92.564,1.1401,4218.7,303.7
208,0.00021115,2.5028,76.05,92.258,1.1695,4221.0,303.5
209,0.0002069,2.4851,76.572,92.488,1.1291,4217.1,303.8
210,0.00020269,2.4661,76.682,92.602,1.1229,4223.6,303.3
211,0.00019851,2.4771,76.514,92.418,1.1533,4219.1,303.6
212,0.00019436,2.4565,76.504,92.66,1.1498,4218.7,303.7
213,0.00019024,2.4605,76.402,92.308,1.1686,4214.7,303.9
214,0.00018616,2.475,76.218,92.428,1.1593,4220.0,303.6
215,0.00018211,2.4503,76.456,92.448,1.1592,4219.3,303.6
216,0.0001781,2.4369,76.072,92.306,1.1859,4219.6,303.6
217,0.00017412,2.4504,76.358,92.304,1.1752,4217.3,303.8
218,0.00017018,2.4222,76.018,92.206,1.1799,4216.2,303.8
219,0.00016627,2.4247,76.264,92.23,1.1866,4217.4,303.7
220,0.0001624,2.4326,76.096,92.23,1.1926,4223.1,303.3
221,0.00015857,2.4044,76.48,92.398,1.1636,4214.2,304.0
222,0.00015478,2.4051,76.44,92.4,1.1731,4218.7,303.7
223,0.00015102,2.405,76.482,92.552,1.166,4218.9,303.6
224,0.0001473,2.384,76.454,92.45,1.1791,4214.8,303.9
225,0.00014362,2.3715,76.398,92.442,1.1768,4217.2,303.8
226,0.00013998,2.3683,76.322,92.186,1.1878,4214.3,304.0
227,0.00013638,2.3701,76.184,92.382,1.1953,4216.4,303.8
228,0.00013282,2.3682,76.288,92.352,1.1899,4217.0,303.8
229,0.0001293,2.3411,76.514,92.446,1.1828,4218.4,303.7
230,0.00012582,2.3285,76.856,92.454,1.187,4222.6,303.4
231,0.00012238,2.3384,76.62,92.512,1.1888,4220.7,303.5
232,0.00011899,2.3087,76.182,92.008,1.2113,4218.0,303.7
233,0.00011563,2.3221,76.552,92.19,1.1999,4219.0,303.6
234,0.00011232,2.3268,76.248,91.91,1.2191,4218.8,303.6
235,0.00010905,2.316,76.412,92.118,1.2037,4216.6,303.8
236,0.00010582,2.3206,76.534,92.138,1.2023,4217.4,303.8
237,0.00010264,2.2849,76.67,92.376,1.1803,4217.2,303.8
238,9.95e-05,2.2822,76.724,92.202,1.2031,4215.4,303.9
239,9.64e-05,2.3167,76.508,92.06,1.2109,4221.0,303.5
240,9.335e-05,2.2835,76.574,92.042,1.2234,4224.2,303.3
241,9.034e-05,2.2594,76.756,92.242,1.205,4218.9,303.6
242,8.738e-05,2.2666,76.486,92.074,1.2207,4217.7,303.7
243,8.446e-05,2.2457,76.636,92.304,1.2082,4214.8,303.9
244,8.159e-05,2.2609,76.314,92.004,1.2357,4216.8,303.8
245,7.876e-05,2.2387,76.758,92.126,1.2211,4224.6,303.2
246,7.598e-05,2.2207,76.892,92.172,1.2116,4219.7,303.6
247,7.325e-05,2.2227,76.604,92.08,1.2202,4220.3,303.5
248,7.056e-05,2.2253,76.456,91.952,1.2345,4221.1,303.5
249,6.792e-05,2.2278,76.84,92.112,1.2198,4214.5,304.0
250,6.533e-05,2.2158,76.778,92.154,1.2249,4225.5,303.2
251,6.279e-05,2.2016,76.822,92.144,1.2333,4218.9,303.6
252,6.029e-05,2.2115,76.49,91.876,1.2497,4217.7,303.7
253,5.784e-05,2.1877,76.57,91.976,1.2398,4218.4,303.7
254,5.544e-05,2.1879,76.746,92.054,1.2332,4216.6,303.8
255,5.309e-05,2.1816,76.718,91.982,1.2289,4215.2,303.9
256,5.079e-05,2.1754,76.63,92.026,1.2332,4218.9,303.6
257,4.854e-05,2.1961,76.732,91.95,1.241,4218.2,303.7
258,4.634e-05,2.1614,76.636,92.002,1.242,4220.2,303.5
259,4.419e-05,2.1618,76.576,91.952,1.2499,4219.2,303.6
260,4.208e-05,2.1671,76.932,92.13,1.2248,4225.1,303.2
261,4.003e-05,2.1653,76.588,91.866,1.2548,4151.1,308.6
262,3.803e-05,2.1288,76.766,92.02,1.2425,4218.8,303.6
263,3.608e-05,2.1383,76.854,91.956,1.2426,4217.1,303.8
264,3.418e-05,2.1168,76.666,91.978,1.2464,4218.9,303.6
265,3.233e-05,2.14,76.756,91.958,1.2445,4223.8,303.3
266,3.053e-05,2.134,76.626,91.88,1.2629,4216.0,303.8
267,2.879e-05,2.1124,76.758,91.962,1.2492,4219.8,303.6
268,2.709e-05,2.1203,76.896,91.986,1.2513,4217.4,303.7
269,2.545e-05,2.1119,76.814,92.022,1.2489,4220.2,303.5
270,2.386e-05,2.108,76.468,91.774,1.2706,4226.6,303.1
271,2.232e-05,2.1151,76.89,91.92,1.2553,4221.8,303.4
272,2.083e-05,2.1142,76.816,91.786,1.2649,4216.4,303.8
273,1.94e-05,2.1049,76.704,91.794,1.2642,4221.7,303.4
274,1.802e-05,2.0985,76.834,91.818,1.261,4220.8,303.5
275,1.669e-05,2.0896,76.838,91.726,1.2678,4222.9,303.4
276,1.542e-05,2.0874,76.946,91.99,1.2485,4219.0,303.6
277,1.42e-05,2.1034,76.92,91.832,1.2508,4222.9,303.4
278,1.303e-05,2.077,77.044,91.936,1.2547,4218.1,303.7
279,1.192e-05,2.0668,77.014,91.826,1.263,4223.3,303.3
280,1.086e-05,2.0783,76.982,91.772,1.2637,4226.6,303.1
281,9.85e-06,2.0722,76.826,91.744,1.2668,4217.4,303.7
282,8.9e-06,2.0743,76.996,91.91,1.2542,4224.5,303.2
283,8e-06,2.0731,77.006,91.888,1.2644,4221.5,303.5
284,7.15e-06,2.0603,76.976,91.778,1.2679,4221.6,303.4
285,6.36e-06,2.0592,76.928,91.832,1.2646,4223.8,303.3
286,5.62e-06,2.0604,76.946,91.798,1.2627,4224.6,303.2
287,4.94e-06,2.0598,77.082,91.932,1.2552,4222.9,303.4
288,4.31e-06,2.0627,77.062,91.898,1.2591,4223.1,303.3
289,3.74e-06,2.0721,77.036,91.814,1.2657,4221.8,303.4
290,3.22e-06,2.0596,77.05,91.86,1.2612,4232.4,302.7
291,2.75e-06,2.0462,77.03,91.882,1.2637,4222.9,303.3
292,2.34e-06,2.0557,77.092,91.862,1.2645,4227.4,303.0
293,1.99e-06,2.0487,77.104,91.864,1.266,4223.2,303.3
294,1.68e-06,2.0483,77.074,91.85,1.2657,4221.5,303.5
295,1.44e-06,2.0667,77.086,91.904,1.2642,4225.2,303.2
296,1.25e-06,2.0587,77.038,91.904,1.2642,4222.4,303.4
297,1.11e-06,2.0624,76.99,91.914,1.2626,4220.1,303.6
298,1.03e-06,2.0656,77.06,91.906,1.2627,4222.3,303.4
299,1e-06,2.0475,77.076,91.882,1.2628,4220.6,303.5
