work_package,split_name,split_sha256,git_sha,cell,arch,recipe_actual,variant,setting,stage,condition_id,diagnostic,n_pairs,n_images,gap_mean,ci_lo,ci_hi,survival,survival_s11,bootstrap_resamples,bootstrap_seed,per_pair,dropped_pairs
I2_terminal,calibration,6b707eb39f934274a5ea753d613af54dc9aad01510808f246b70506a96003003,cdf63caca2ac41cfd3ec7ba262902cad0deb3181,vit_small|mixup,vit_small,mixup,saga,hist_native,hist,native,norm_p50,4,2000,-3.153673545,-3.182746255,-3.12519948,MISSING,MISSING,10000,0,legacy-mixupdir=-4.157670038;legacy-nomixdir=-3.087443161;s1=-3.505118492;s2=-1.864462487,
I2_terminal,calibration,6b707eb39f934274a5ea753d613af54dc9aad01510808f246b70506a96003003,cdf63caca2ac41cfd3ec7ba262902cad0deb3181,vit_small|mixup,vit_small,mixup,saga,hist_native,hist,native,norm_p90,4,2000,-4.335458944,-4.391787987,-4.279250008,MISSING,MISSING,10000,0,legacy-mixupdir=-5.203975315;legacy-nomixdir=-3.378578359;s1=-5.668738673;s2=-3.090543427,
I2_terminal,calibration,6b707eb39f934274a5ea753d613af54dc9aad01510808f246b70506a96003003,cdf63caca2ac41cfd3ec7ba262902cad0deb3181,vit_small|mixup,vit_small,mixup,saga,hist_native,hist,native,norm_p99,4,2000,-27.74515343,-27.95361663,-27.5396233,MISSING,MISSING,10000,0,legacy-mixupdir=-38.09307475;legacy-nomixdir=-36.87197329;s1=-19.91280932;s2=-16.10275636,
I2_terminal,calibration,6b707eb39f934274a5ea753d613af54dc9aad01510808f246b70506a96003003,cdf63caca2ac41cfd3ec7ba262902cad0deb3181,vit_small|mixup,vit_small,mixup,saga,hist_native,hist,native,norm_p999,4,2000,-35.12580533,-35.32573603,-34.93127326,MISSING,MISSING,10000,0,legacy-mixupdir=-47.76046858;legacy-nomixdir=-47.43133717;s1=-26.76193261;s2=-18.54948297,
I2_terminal,calibration,6b707eb39f934274a5ea753d613af54dc9aad01510808f246b70506a96003003,cdf63caca2ac41cfd3ec7ba262902cad0deb3181,vit_small|mixup,vit_small,mixup,saga,hist_native,hist,native,norm_max,4,2000,-36.07456707,-36.30011754,-35.85171325,MISSING,MISSING,10000,0,legacy-mixupdir=-48.82122343;legacy-nomixdir=-48.81049702;s1=-27.76707847;s2=-18.89946935,
I2_terminal,calibration,6b707eb39f934274a5ea753d613af54dc9aad01510808f246b70506a96003003,cdf63caca2ac41cfd3ec7ba262902cad0deb3181,vit_small|mixup,vit_small,mixup,saga,hist_native,hist,native,mad_thr,4,2000,-3.866378674,-3.923212509,-3.809957192,MISSING,MISSING,10000,0,legacy-mixupdir=-5.029873897;legacy-nomixdir=-2.982561567;s1=-4.880807117;s2=-2.572272117,
I2_terminal,calibration,6b707eb39f934274a5ea753d613af54dc9aad01510808f246b70506a96003003,cdf63caca2ac41cfd3ec7ba262902cad0deb3181,vit_small|mixup,vit_small,mixup,saga,hist_native,hist,native,count_fixed_canon,4,2000,-8.2135,-8.445384375,-7.992746875,MISSING,MISSING,10000,0,legacy-mixupdir=-10.158;legacy-nomixdir=-6.3815;s1=-9.417;s2=-6.8975,
I2_terminal,calibration,6b707eb39f934274a5ea753d613af54dc9aad01510808f246b70506a96003003,cdf63caca2ac41cfd3ec7ba262902cad0deb3181,vit_small|mixup,vit_small,mixup,saga,hist_native,hist,native,count_fixed_cal,4,2000,-8.155375,-8.384375,-7.93836875,MISSING,MISSING,10000,0,legacy-mixupdir=-10.057;legacy-nomixdir=-6.335;s1=-9.3645;s2=-6.865,
I2_terminal,calibration,6b707eb39f934274a5ea753d613af54dc9aad01510808f246b70506a96003003,cdf63caca2ac41cfd3ec7ba262902cad0deb3181,vit_small|mixup,vit_small,mixup,saga,hist_native,hist,native,count_mad,4,2000,-1.85675,-2.003375,-1.713875,MISSING,MISSING,10000,0,legacy-mixupdir=-2.3255;legacy-nomixdir=-0.9655;s1=-2.0055;s2=-2.1305,
I2_terminal,calibration,6b707eb39f934274a5ea753d613af54dc9aad01510808f246b70506a96003003,cdf63caca2ac41cfd3ec7ba262902cad0deb3181,vit_small|mixup,vit_small,mixup,saga,hist_native,hist,native,cos_all,4,2000,-0.1288443842,-0.130334581,-0.1273149801,MISSING,MISSING,10000,0,legacy-mixupdir=-0.1396733808;legacy-nomixdir=-0.1947382897;s1=-0.1366282765;s2=-0.04433758978,
I2_terminal,calibration,6b707eb39f934274a5ea753d613af54dc9aad01510808f246b70506a96003003,cdf63caca2ac41cfd3ec7ba262902cad0deb3181,vit_small|mixup,vit_small,mixup,saga,hist_native,hist,native,cos_nosink_mad,4,2000,-0.1368321514,-0.138488903,-0.1351427247,MISSING,MISSING,10000,0,legacy-mixupdir=-0.1609987331;legacy-nomixdir=-0.2087334921;s1=-0.1275316889;s2=-0.05006469157,
I2_terminal,calibration,6b707eb39f934274a5ea753d613af54dc9aad01510808f246b70506a96003003,cdf63caca2ac41cfd3ec7ba262902cad0deb3181,vit_small|mixup,vit_small,mixup,saga,hist_native,hist,native,eff_rank,4,2000,14.08619091,13.98542948,14.18796693,MISSING,MISSING,10000,0,legacy-mixupdir=19.42073789;legacy-nomixdir=17.79118749;s1=8.798960368;s2=10.33387791,
I2_terminal,calibration,6b707eb39f934274a5ea753d613af54dc9aad01510808f246b70506a96003003,cdf63caca2ac41cfd3ec7ba262902cad0deb3181,vit_small|mixup,vit_small,mixup,saga,hist_term_1.00,hist,term_1.00,norm_p50,4,2000,-2.764714491,-2.792815437,-2.737379613,0.8766647696,MISSING,10000,0,legacy-mixupdir=-3.795941558;legacy-nomixdir=-2.6438945;s1=-2.963148836;s2=-1.655873072,
I2_terminal,calibration,6b707eb39f934274a5ea753d613af54dc9aad01510808f246b70506a96003003,cdf63caca2ac41cfd3ec7ba262902cad0deb3181,vit_small|mixup,vit_small,mixup,saga,hist_term_1.00,hist,term_1.00,norm_p90,4,2000,-3.97588154,-4.035171997,-3.91813054,0.9170612828,MISSING,10000,0,legacy-mixupdir=-4.864216135;legacy-nomixdir=-2.597562056;s1=-5.361847474;s2=-3.079900497,
I2_terminal,calibration,6b707eb39f934274a5ea753d613af54dc9aad01510808f246b70506a96003003,cdf63caca2ac41cfd3ec7ba262902cad0deb3181,vit_small|mixup,vit_small,mixup,saga,hist_term_1.00,hist,term_1.00,norm_p99,4,2000,-27.19129684,-27.39974411,-26.98662046,0.9800377177,MISSING,10000,0,legacy-mixupdir=-37.97265662;legacy-nomixdir=-35.33099344;s1=-19.56745484;s2=-15.89408248,
I2_terminal,calibration,6b707eb39f934274a5ea753d613af54dc9aad01510808f246b70506a96003003,cdf63caca2ac41cfd3ec7ba262902cad0deb3181,vit_small|mixup,vit_small,mixup,saga,hist_term_1.00,hist,term_1.00,norm_p999,4,2000,-34.62598223,-34.82593165,-34.43171462,0.9857704871,MISSING,10000,0,legacy-mixupdir=-47.67095979;legacy-nomixdir=-46.00872037;s1=-26.48606496;s2=-18.33818381,
I2_terminal,calibration,6b707eb39f934274a5ea753d613af54dc9aad01510808f246b70506a96003003,cdf63caca2ac41cfd3ec7ba262902cad0deb3181,vit_small|mixup,vit_small,mixup,saga,hist_term_1.00,hist,term_1.00,norm_max,4,2000,-35.58117061,-35.80787928,-35.35907145,0.9863228724,MISSING,10000,0,legacy-mixupdir=-48.73533528;legacy-nomixdir=-47.4023744;s1=-27.49830762;s2=-18.68866514,
I2_terminal,calibration,6b707eb39f934274a5ea753d613af54dc9aad01510808f246b70506a96003003,cdf63caca2ac41cfd3ec7ba262902cad0deb3181,vit_small|mixup,vit_small,mixup,saga,hist_term_1.00,hist,term_1.00,mad_thr,4,2000,-3.588665109,-3.652758367,-3.525786563,0.9281721764,MISSING,10000,0,legacy-mixupdir=-4.530935078;legacy-nomixdir=-2.700606151;s1=-4.463039692;s2=-2.660079515,
I2_terminal,calibration,6b707eb39f934274a5ea753d613af54dc9aad01510808f246b70506a96003003,cdf63caca2ac41cfd3ec7ba262902cad0deb3181,vit_small|mixup,vit_small,mixup,saga,hist_term_1.00,hist,term_1.00,count_fixed_canon,4,2000,-7.509625,-7.737878125,-7.292625,0.9143026724,MISSING,10000,0,legacy-mixupdir=-10.098;legacy-nomixdir=-4.13;s1=-8.9185;s2=-6.892,
I2_terminal,calibration,6b707eb39f934274a5ea753d613af54dc9aad01510808f246b70506a96003003,cdf63caca2ac41cfd3ec7ba262902cad0deb3181,vit_small|mixup,vit_small,mixup,saga,hist_term_1.00,hist,term_1.00,count_fixed_cal,4,2000,-7.458,-7.683875,-7.242996875,0.9144889107,MISSING,10000,0,legacy-mixupdir=-9.9975;legacy-nomixdir=-4.0945;s1=-8.8775;s2=-6.8625,
I2_terminal,calibration,6b707eb39f934274a5ea753d613af54dc9aad01510808f246b70506a96003003,cdf63caca2ac41cfd3ec7ba262902cad0deb3181,vit_small|mixup,vit_small,mixup,saga,hist_term_1.00,hist,term_1.00,count_mad,4,2000,-1.688,-1.835253125,-1.540871875,0.9091153898,MISSING,10000,0,legacy-mixupdir=-2.944;legacy-nomixdir=0.4935;s1=-2.281;s2=-2.0205,
I2_terminal,calibration,6b707eb39f934274a5ea753d613af54dc9aad01510808f246b70506a96003003,cdf63caca2ac41cfd3ec7ba262902cad0deb3181,vit_small|mixup,vit_small,mixup,saga,hist_term_1.00,hist,term_1.00,cos_all,4,2000,-0.08757038906,-0.08918314121,-0.08588883783,0.6796601157,MISSING,10000,0,legacy-mixupdir=-0.108195667;legacy-nomixdir=-0.1446052005;s1=-0.08418225823;s2=-0.01329843049,
I2_terminal,calibration,6b707eb39f934274a5ea753d613af54dc9aad01510808f246b70506a96003003,cdf63caca2ac41cfd3ec7ba262902cad0deb3181,vit_small|mixup,vit_small,mixup,saga,hist_term_1.00,hist,term_1.00,cos_nosink_mad,4,2000,-0.09491082387,-0.09667637175,-0.09307422699,0.693629552,MISSING,10000,0,legacy-mixupdir=-0.1312037634;legacy-nomixdir=-0.1576648478;s1=-0.07387967058;s2=-0.01689501368,
I2_terminal,calibration,6b707eb39f934274a5ea753d613af54dc9aad01510808f246b70506a96003003,cdf63caca2ac41cfd3ec7ba262902cad0deb3181,vit_small|mixup,vit_small,mixup,saga,hist_term_1.00,hist,term_1.00,eff_rank,4,2000,12.3546925,12.25957378,12.44880167,0.8770783088,MISSING,10000,0,legacy-mixupdir=17.74609149;legacy-nomixdir=15.23239778;s1=6.984677376;s2=9.455603361,
I2_terminal,calibration,6b707eb39f934274a5ea753d613af54dc9aad01510808f246b70506a96003003,cdf63caca2ac41cfd3ec7ba262902cad0deb3181,vit_small|mixup,vit_small,mixup,saga,s11_out_native,s11_out,native,norm_p50,4,2000,-1.75553657,-1.775914299,-1.735623974,MISSING,0.5566640128,10000,0,legacy-mixupdir=-3.069970896;legacy-nomixdir=-1.237283383;s1=-1.903132188;s2=-0.8117598157,
I2_terminal,calibration,6b707eb39f934274a5ea753d613af54dc9aad01510808f246b70506a96003003,cdf63caca2ac41cfd3ec7ba262902cad0deb3181,vit_small|mixup,vit_small,mixup,saga,s11_out_native,s11_out,native,norm_p90,4,2000,-2.99962189,-3.051881945,-2.949413703,MISSING,0.691881051,10000,0,legacy-mixupdir=-4.137878229;legacy-nomixdir=-2.077507264;s1=-3.695669928;s2=-2.08743214,
I2_terminal,calibration,6b707eb39f934274a5ea753d613af54dc9aad01510808f246b70506a96003003,cdf63caca2ac41cfd3ec7ba262902cad0deb3181,vit_small|mixup,vit_small,mixup,saga,s11_out_native,s11_out,native,norm_p99,4,2000,-27.56030952,-27.77285898,-27.35034923,MISSING,0.9933377948,10000,0,legacy-mixupdir=-36.55679725;legacy-nomixdir=-38.57241166;s1=-19.4184606;s2=-15.69356858,
I2_terminal,calibration,6b707eb39f934274a5ea753d613af54dc9aad01510808f246b70506a96003003,cdf63caca2ac41cfd3ec7ba262902cad0deb3181,vit_small|mixup,vit_small,mixup,saga,s11_out_native,s11_out,native,norm_p999,4,2000,-35.17109323,-35.37511653,-34.97256926,MISSING,1.001289305,10000,0,legacy-mixupdir=-46.83481217;legacy-nomixdir=-49.31404269;s1=-26.38858314;s2=-18.1469349,
I2_terminal,calibration,6b707eb39f934274a5ea753d613af54dc9aad01510808f246b70506a96003003,cdf63caca2ac41cfd3ec7ba262902cad0deb3181,vit_small|mixup,vit_small,mixup,saga,s11_out_native,s11_out,native,norm_max,4,2000,-36.14524932,-36.3758567,-35.92119918,MISSING,1.001959338,10000,0,legacy-mixupdir=-47.96797817;legacy-nomixdir=-50.70786609;s1=-27.40747533;s2=-18.49767771,
I2_terminal,calibration,6b707eb39f934274a5ea753d613af54dc9aad01510808f246b70506a96003003,cdf63caca2ac41cfd3ec7ba262902cad0deb3181,vit_small|mixup,vit_small,mixup,saga,s11_out_native,s11_out,native,mad_thr,4,2000,-2.642141005,-2.690738582,-2.595892608,MISSING,0.6833632262,10000,0,legacy-mixupdir=-4.597131768;legacy-nomixdir=-1.332061806;s1=-3.00053547;s2=-1.638834975,
I2_terminal,calibration,6b707eb39f934274a5ea753d613af54dc9aad01510808f246b70506a96003003,cdf63caca2ac41cfd3ec7ba262902cad0deb3181,vit_small|mixup,vit_small,mixup,saga,s11_out_native,s11_out,native,count_fixed_canon,0,0,MISSING,MISSING,MISSING,MISSING,MISSING,10000,0,MISSING,legacy-mixupdir:count_fixed_canon_MISSING;legacy-nomixdir:count_fixed_canon_MISSING;s1:count_fixed_canon_MISSING;s2:count_fixed_canon_MISSING
I2_terminal,calibration,6b707eb39f934274a5ea753d613af54dc9aad01510808f246b70506a96003003,cdf63caca2ac41cfd3ec7ba262902cad0deb3181,vit_small|mixup,vit_small,mixup,saga,s11_out_native,s11_out,native,count_fixed_cal,4,2000,-7.956625,-8.207384375,-7.717871875,MISSING,0.9756295695,10000,0,legacy-mixupdir=-10.4645;legacy-nomixdir=-7.0465;s1=-9.0505;s2=-5.265,
I2_terminal,calibration,6b707eb39f934274a5ea753d613af54dc9aad01510808f246b70506a96003003,cdf63caca2ac41cfd3ec7ba262902cad0deb3181,vit_small|mixup,vit_small,mixup,saga,s11_out_native,s11_out,native,count_mad,4,2000,-1.815125,-1.944878125,-1.68925,MISSING,0.9775817961,10000,0,legacy-mixupdir=-0.475;legacy-nomixdir=-2.351;s1=-2.51;s2=-1.9245,
I2_terminal,calibration,6b707eb39f934274a5ea753d613af54dc9aad01510808f246b70506a96003003,cdf63caca2ac41cfd3ec7ba262902cad0deb3181,vit_small|mixup,vit_small,mixup,saga,s11_out_native,s11_out,native,cos_all,4,2000,-0.0113683559,-0.0121431004,-0.01056071051,MISSING,0.0882332278,10000,0,legacy-mixupdir=-0.03346150023;legacy-nomixdir=-0.02786862681;s1=0.01259724157;s2=0.003259461872,
I2_terminal,calibration,6b707eb39f934274a5ea753d613af54dc9aad01510808f246b70506a96003003,cdf63caca2ac41cfd3ec7ba262902cad0deb3181,vit_small|mixup,vit_small,mixup,saga,s11_out_native,s11_out,native,cos_nosink_mad,4,2000,-0.02673244556,-0.02768210546,-0.02577187889,MISSING,0.1953666977,10000,0,legacy-mixupdir=-0.05353185184;legacy-nomixdir=-0.05385023189;s1=0.0007790741846;s2=-0.0003267726824,
I2_terminal,calibration,6b707eb39f934274a5ea753d613af54dc9aad01510808f246b70506a96003003,cdf63caca2ac41cfd3ec7ba262902cad0deb3181,vit_small|mixup,vit_small,mixup,saga,s11_out_native,s11_out,native,eff_rank,4,2000,10.34354041,10.25146443,10.4359709,MISSING,0.7343035796,10000,0,legacy-mixupdir=15.37639819;legacy-nomixdir=15.12422715;s1=4.808578409;s2=6.064957886,
I2_terminal,calibration,6b707eb39f934274a5ea753d613af54dc9aad01510808f246b70506a96003003,cdf63caca2ac41cfd3ec7ba262902cad0deb3181,vit_small|nomix,vit_small,nomix,saga,hist_native,hist,native,norm_p50,2,2000,-1.083253568,-1.102644628,-1.063501642,MISSING,MISSING,10000,0,s1=-1.484290029;s2=-0.6822171063,
I2_terminal,calibration,6b707eb39f934274a5ea753d613af54dc9aad01510808f246b70506a96003003,cdf63caca2ac41cfd3ec7ba262902cad0deb3181,vit_small|nomix,vit_small,nomix,saga,hist_native,hist,native,norm_p90,2,2000,-1.450413541,-1.481912856,-1.418195286,MISSING,MISSING,10000,0,s1=-1.795496973;s2=-1.105330109,
I2_terminal,calibration,6b707eb39f934274a5ea753d613af54dc9aad01510808f246b70506a96003003,cdf63caca2ac41cfd3ec7ba262902cad0deb3181,vit_small|nomix,vit_small,nomix,saga,hist_native,hist,native,norm_p99,2,2000,-1.844726778,-1.906019052,-1.781485711,MISSING,MISSING,10000,0,s1=-2.110612292;s2=-1.578841263,
I2_terminal,calibration,6b707eb39f934274a5ea753d613af54dc9aad01510808f246b70506a96003003,cdf63caca2ac41cfd3ec7ba262902cad0deb3181,vit_small|nomix,vit_small,nomix,saga,hist_native,hist,native,norm_p999,2,2000,-1.969274462,-2.048735424,-1.885523785,MISSING,MISSING,10000,0,s1=-2.180489682;s2=-1.758059243,
I2_terminal,calibration,6b707eb39f934274a5ea753d613af54dc9aad01510808f246b70506a96003003,cdf63caca2ac41cfd3ec7ba262902cad0deb3181,vit_small|nomix,vit_small,nomix,saga,hist_native,hist,native,norm_max,2,2000,-1.985405151,-2.07049073,-1.89618937,MISSING,MISSING,10000,0,s1=-2.185235543;s2=-1.785574759,
I2_terminal,calibration,6b707eb39f934274a5ea753d613af54dc9aad01510808f246b70506a96003003,cdf63caca2ac41cfd3ec7ba262902cad0deb3181,vit_small|nomix,vit_small,nomix,saga,hist_native,hist,native,mad_thr,2,2000,-1.763759845,-1.817414089,-1.711021839,MISSING,MISSING,10000,0,s1=-2.202622558;s2=-1.324897131,
I2_terminal,calibration,6b707eb39f934274a5ea753d613af54dc9aad01510808f246b70506a96003003,cdf63caca2ac41cfd3ec7ba262902cad0deb3181,vit_small|nomix,vit_small,nomix,saga,hist_native,hist,native,count_fixed_canon,2,2000,-2.556,-2.71000625,-2.40449375,MISSING,MISSING,10000,0,s1=-2.4715;s2=-2.6405,
I2_terminal,calibration,6b707eb39f934274a5ea753d613af54dc9aad01510808f246b70506a96003003,cdf63caca2ac41cfd3ec7ba262902cad0deb3181,vit_small|nomix,vit_small,nomix,saga,hist_native,hist,native,count_fixed_cal,2,2000,-2.652,-2.81025625,-2.49725,MISSING,MISSING,10000,0,s1=-2.5665;s2=-2.7375,
I2_terminal,calibration,6b707eb39f934274a5ea753d613af54dc9aad01510808f246b70506a96003003,cdf63caca2ac41cfd3ec7ba262902cad0deb3181,vit_small|nomix,vit_small,nomix,saga,hist_native,hist,native,count_mad,2,2000,-0.1435,-0.2535,-0.033,MISSING,MISSING,10000,0,s1=0.194;s2=-0.481,
I2_terminal,calibration,6b707eb39f934274a5ea753d613af54dc9aad01510808f246b70506a96003003,cdf63caca2ac41cfd3ec7ba262902cad0deb3181,vit_small|nomix,vit_small,nomix,saga,hist_native,hist,native,cos_all,2,2000,0.008236240208,0.007535036128,0.008972870052,MISSING,MISSING,10000,0,s1=-0.0328108075;s2=0.04928328791,
I2_terminal,calibration,6b707eb39f934274a5ea753d613af54dc9aad01510808f246b70506a96003003,cdf63caca2ac41cfd3ec7ba262902cad0deb3181,vit_small|nomix,vit_small,nomix,saga,hist_native,hist,native,cos_nosink_mad,2,2000,0.008741933933,0.008018179474,0.009499526957,MISSING,MISSING,10000,0,s1=-0.03165652094;s2=0.04914038881,
I2_terminal,calibration,6b707eb39f934274a5ea753d613af54dc9aad01510808f246b70506a96003003,cdf63caca2ac41cfd3ec7ba262902cad0deb3181,vit_small|nomix,vit_small,nomix,saga,hist_native,hist,native,eff_rank,2,2000,1.697413036,1.620154013,1.772186965,MISSING,MISSING,10000,0,s1=2.895432585;s2=0.4993934879,
I2_terminal,calibration,6b707eb39f934274a5ea753d613af54dc9aad01510808f246b70506a96003003,cdf63caca2ac41cfd3ec7ba262902cad0deb3181,vit_small|nomix,vit_small,nomix,saga,hist_term_1.00,hist,term_1.00,norm_p50,2,2000,-1.682496027,-1.698727786,-1.665841006,1.553187616,MISSING,10000,0,s1=-1.908028864;s2=-1.456963189,
I2_terminal,calibration,6b707eb39f934274a5ea753d613af54dc9aad01510808f246b70506a96003003,cdf63caca2ac41cfd3ec7ba262902cad0deb3181,vit_small|nomix,vit_small,nomix,saga,hist_term_1.00,hist,term_1.00,norm_p90,2,2000,-2.042866865,-2.070653994,-2.013868587,1.408472003,MISSING,10000,0,s1=-2.166956901;s2=-1.91877683,
I2_terminal,calibration,6b707eb39f934274a5ea753d613af54dc9aad01510808f246b70506a96003003,cdf63caca2ac41cfd3ec7ba262902cad0deb3181,vit_small|nomix,vit_small,nomix,saga,hist_term_1.00,hist,term_1.00,norm_p99,2,2000,-2.299373892,-2.359389235,-2.237832009,1.246457698,MISSING,10000,0,s1=-2.373470215;s2=-2.225277568,
I2_terminal,calibration,6b707eb39f934274a5ea753d613af54dc9aad01510808f246b70506a96003003,cdf63caca2ac41cfd3ec7ba262902cad0deb3181,vit_small|nomix,vit_small,nomix,saga,hist_term_1.00,hist,term_1.00,norm_p999,2,2000,-2.36946074,-2.448155175,-2.286888962,1.203215085,MISSING,10000,0,s1=-2.400880573;s2=-2.338040906,
I2_terminal,calibration,6b707eb39f934274a5ea753d613af54dc9aad01510808f246b70506a96003003,cdf63caca2ac41cfd3ec7ba262902cad0deb3181,vit_small|nomix,vit_small,nomix,saga,hist_term_1.00,hist,term_1.00,norm_max,2,2000,-2.379259469,-2.463607175,-2.290376812,1.198374784,MISSING,10000,0,s1=-2.401430804;s2=-2.357088134,
I2_terminal,calibration,6b707eb39f934274a5ea753d613af54dc9aad01510808f246b70506a96003003,cdf63caca2ac41cfd3ec7ba262902cad0deb3181,vit_small|nomix,vit_small,nomix,saga,hist_term_1.00,hist,term_1.00,mad_thr,2,2000,-2.480160362,-2.528491461,-2.431705982,1.406178041,MISSING,10000,0,s1=-2.604051913;s2=-2.356268811,
I2_terminal,calibration,6b707eb39f934274a5ea753d613af54dc9aad01510808f246b70506a96003003,cdf63caca2ac41cfd3ec7ba262902cad0deb3181,vit_small|nomix,vit_small,nomix,saga,hist_term_1.00,hist,term_1.00,count_fixed_canon,2,2000,-2.8505,-3.01025,-2.69174375,1.115219092,MISSING,10000,0,s1=-2.6335;s2=-3.0675,
I2_terminal,calibration,6b707eb39f934274a5ea753d613af54dc9aad01510808f246b70506a96003003,cdf63caca2ac41cfd3ec7ba262902cad0deb3181,vit_small|nomix,vit_small,nomix,saga,hist_term_1.00,hist,term_1.00,count_fixed_cal,2,2000,-2.96725,-3.13150625,-2.80624375,1.118872549,MISSING,10000,0,s1=-2.7415;s2=-3.193,
I2_terminal,calibration,6b707eb39f934274a5ea753d613af54dc9aad01510808f246b70506a96003003,cdf63caca2ac41cfd3ec7ba262902cad0deb3181,vit_small|nomix,vit_small,nomix,saga,hist_term_1.00,hist,term_1.00,count_mad,2,2000,0.24675,0.1355,0.35825,-1.719512195,MISSING,10000,0,s1=0.462;s2=0.0315,
I2_terminal,calibration,6b707eb39f934274a5ea753d613af54dc9aad01510808f246b70506a96003003,cdf63caca2ac41cfd3ec7ba262902cad0deb3181,vit_small|nomix,vit_small,nomix,saga,hist_term_1.00,hist,term_1.00,cos_all,2,2000,0.008376800227,0.007759008215,0.009026898356,1.017066042,MISSING,10000,0,s1=-0.03177577604;s2=0.04852937649,
I2_terminal,calibration,6b707eb39f934274a5ea753d613af54dc9aad01510808f246b70506a96003003,cdf63caca2ac41cfd3ec7ba262902cad0deb3181,vit_small|nomix,vit_small,nomix,saga,hist_term_1.00,hist,term_1.00,cos_nosink_mad,2,2000,0.009235508682,0.008581757444,0.009926800854,1.05646059,MISSING,10000,0,s1=-0.03057831249;s2=0.04904932985,
I2_terminal,calibration,6b707eb39f934274a5ea753d613af54dc9aad01510808f246b70506a96003003,cdf63caca2ac41cfd3ec7ba262902cad0deb3181,vit_small|nomix,vit_small,nomix,saga,hist_term_1.00,hist,term_1.00,eff_rank,2,2000,2.095555792,2.021512691,2.167197079,1.234558559,MISSING,10000,0,s1=3.128852696;s2=1.062258888,
I2_terminal,calibration,6b707eb39f934274a5ea753d613af54dc9aad01510808f246b70506a96003003,cdf63caca2ac41cfd3ec7ba262902cad0deb3181,vit_small|nomix,vit_small,nomix,saga,s11_out_native,s11_out,native,norm_p50,2,2000,-1.324258606,-1.338094293,-1.310667948,MISSING,1.22248257,10000,0,s1=-1.023902085;s2=-1.624615126,
I2_terminal,calibration,6b707eb39f934274a5ea753d613af54dc9aad01510808f246b70506a96003003,cdf63caca2ac41cfd3ec7ba262902cad0deb3181,vit_small|nomix,vit_small,nomix,saga,s11_out_native,s11_out,native,norm_p90,2,2000,-1.639947451,-1.66102977,-1.61865106,MISSING,1.130675773,10000,0,s1=-1.257386953;s2=-2.02250795,
I2_terminal,calibration,6b707eb39f934274a5ea753d613af54dc9aad01510808f246b70506a96003003,cdf63caca2ac41cfd3ec7ba262902cad0deb3181,vit_small|nomix,vit_small,nomix,saga,s11_out_native,s11_out,native,norm_p99,2,2000,-2.048804944,-2.084434731,-2.011909515,MISSING,1.110627855,10000,0,s1=-1.851742455;s2=-2.245867432,
I2_terminal,calibration,6b707eb39f934274a5ea753d613af54dc9aad01510808f246b70506a96003003,cdf63caca2ac41cfd3ec7ba262902cad0deb3181,vit_small|nomix,vit_small,nomix,saga,s11_out_native,s11_out,native,norm_p999,2,2000,-2.203776325,-2.248486536,-2.158056987,MISSING,1.119080335,10000,0,s1=-2.044816783;s2=-2.362735866,
I2_terminal,calibration,6b707eb39f934274a5ea753d613af54dc9aad01510808f246b70506a96003003,cdf63caca2ac41cfd3ec7ba262902cad0deb3181,vit_small|nomix,vit_small,nomix,saga,s11_out_native,s11_out,native,norm_max,2,2000,-2.225982063,-2.27384625,-2.177090493,MISSING,1.121172704,10000,0,s1=-2.070465823;s2=-2.381498302,
I2_terminal,calibration,6b707eb39f934274a5ea753d613af54dc9aad01510808f246b70506a96003003,cdf63caca2ac41cfd3ec7ba262902cad0deb3181,vit_small|nomix,vit_small,nomix,saga,s11_out_native,s11_out,native,mad_thr,2,2000,-1.893044781,-1.934591318,-1.852098267,MISSING,1.07330076,10000,0,s1=-1.01886821;s2=-2.767221352,
I2_terminal,calibration,6b707eb39f934274a5ea753d613af54dc9aad01510808f246b70506a96003003,cdf63caca2ac41cfd3ec7ba262902cad0deb3181,vit_small|nomix,vit_small,nomix,saga,s11_out_native,s11_out,native,count_fixed_canon,0,0,MISSING,MISSING,MISSING,MISSING,MISSING,10000,0,MISSING,s1:count_fixed_canon_MISSING;s2:count_fixed_canon_MISSING
I2_terminal,calibration,6b707eb39f934274a5ea753d613af54dc9aad01510808f246b70506a96003003,cdf63caca2ac41cfd3ec7ba262902cad0deb3181,vit_small|nomix,vit_small,nomix,saga,s11_out_native,s11_out,native,count_fixed_cal,2,2000,-2.51275,-2.68025625,-2.35025,MISSING,0.9474924585,10000,0,s1=-2.071;s2=-2.9545,
I2_terminal,calibration,6b707eb39f934274a5ea753d613af54dc9aad01510808f246b70506a96003003,cdf63caca2ac41cfd3ec7ba262902cad0deb3181,vit_small|nomix,vit_small,nomix,saga,s11_out_native,s11_out,native,count_mad,2,2000,-0.31075,-0.40875,-0.21425,MISSING,2.165505226,10000,0,s1=-0.989;s2=0.3675,
I2_terminal,calibration,6b707eb39f934274a5ea753d613af54dc9aad01510808f246b70506a96003003,cdf63caca2ac41cfd3ec7ba262902cad0deb3181,vit_small|nomix,vit_small,nomix,saga,s11_out_native,s11_out,native,cos_all,2,2000,0.00409030767,0.003505934059,0.004672366433,MISSING,0.4966231638,10000,0,s1=0.0156175637;s2=-0.007436948363,
I2_terminal,calibration,6b707eb39f934274a5ea753d613af54dc9aad01510808f246b70506a96003003,cdf63caca2ac41cfd3ec7ba262902cad0deb3181,vit_small|nomix,vit_small,nomix,saga,s11_out_native,s11_out,native,cos_nosink_mad,2,2000,0.003935998691,0.003332772945,0.004543385107,MISSING,0.4502434726,10000,0,s1=0.01426461558;s2=-0.006392618194,
I2_terminal,calibration,6b707eb39f934274a5ea753d613af54dc9aad01510808f246b70506a96003003,cdf63caca2ac41cfd3ec7ba262902cad0deb3181,vit_small|nomix,vit_small,nomix,saga,s11_out_native,s11_out,native,eff_rank,2,2000,1.543352419,1.478744761,1.607093186,MISSING,0.9092379909,10000,0,s1=0.08908968639;s2=2.997615151,
I2_terminal,calibration,6b707eb39f934274a5ea753d613af54dc9aad01510808f246b70506a96003003,cdf63caca2ac41cfd3ec7ba262902cad0deb3181,vit_base|mixup,vit_base,mixup,saga,hist_native,hist,native,norm_p50,2,2000,-34.17579542,-34.45027046,-33.90168228,MISSING,MISSING,10000,0,legacy-nomixdir=-6.060432893;s1=-62.29115795,
I2_terminal,calibration,6b707eb39f934274a5ea753d613af54dc9aad01510808f246b70506a96003003,cdf63caca2ac41cfd3ec7ba262902cad0deb3181,vit_base|mixup,vit_base,mixup,saga,hist_native,hist,native,norm_p90,2,2000,-35.77235886,-36.0300589,-35.5078783,MISSING,MISSING,10000,0,legacy-nomixdir=-9.386767138;s1=-62.15795059,
I2_terminal,calibration,6b707eb39f934274a5ea753d613af54dc9aad01510808f246b70506a96003003,cdf63caca2ac41cfd3ec7ba262902cad0deb3181,vit_base|mixup,vit_base,mixup,saga,hist_native,hist,native,norm_p99,2,2000,-32.74650302,-35.84533556,-29.62772957,MISSING,MISSING,10000,0,legacy-nomixdir=95.43934823;s1=-160.9323543,
I2_terminal,calibration,6b707eb39f934274a5ea753d613af54dc9aad01510808f246b70506a96003003,cdf63caca2ac41cfd3ec7ba262902cad0deb3181,vit_base|mixup,vit_base,mixup,saga,hist_native,hist,native,norm_p999,2,2000,69.4177358,67.2987485,71.60163511,MISSING,MISSING,10000,0,legacy-nomixdir=185.6512964;s1=-46.8158248,
I2_terminal,calibration,6b707eb39f934274a5ea753d613af54dc9aad01510808f246b70506a96003003,cdf63caca2ac41cfd3ec7ba262902cad0deb3181,vit_base|mixup,vit_base,mixup,saga,hist_native,hist,native,norm_max,2,2000,79.59266784,77.14144202,82.08552084,MISSING,MISSING,10000,0,legacy-nomixdir=194.4123592;s1=-35.22702353,
I2_terminal,calibration,6b707eb39f934274a5ea753d613af54dc9aad01510808f246b70506a96003003,cdf63caca2ac41cfd3ec7ba262902cad0deb3181,vit_base|mixup,vit_base,mixup,saga,hist_native,hist,native,mad_thr,2,2000,-47.63716869,-48.01150385,-47.2593417,MISSING,MISSING,10000,0,legacy-nomixdir=-16.56882206;s1=-78.70551532,
I2_terminal,calibration,6b707eb39f934274a5ea753d613af54dc9aad01510808f246b70506a96003003,cdf63caca2ac41cfd3ec7ba262902cad0deb3181,vit_base|mixup,vit_base,mixup,saga,hist_native,hist,native,count_fixed_canon,2,2000,-4.1005,-4.35675,-3.85325,MISSING,MISSING,10000,0,legacy-nomixdir=-0.6775;s1=-7.5235,
I2_terminal,calibration,6b707eb39f934274a5ea753d613af54dc9aad01510808f246b70506a96003003,cdf63caca2ac41cfd3ec7ba262902cad0deb3181,vit_base|mixup,vit_base,mixup,saga,hist_native,hist,native,count_fixed_cal,2,2000,-3.935,-4.176,-3.70149375,MISSING,MISSING,10000,0,legacy-nomixdir=-0.677;s1=-7.193,
I2_terminal,calibration,6b707eb39f934274a5ea753d613af54dc9aad01510808f246b70506a96003003,cdf63caca2ac41cfd3ec7ba262902cad0deb3181,vit_base|mixup,vit_base,mixup,saga,hist_native,hist,native,count_mad,2,2000,6.927,6.6719875,7.17875,MISSING,MISSING,10000,0,legacy-nomixdir=4.749;s1=9.105,
I2_terminal,calibration,6b707eb39f934274a5ea753d613af54dc9aad01510808f246b70506a96003003,cdf63caca2ac41cfd3ec7ba262902cad0deb3181,vit_base|mixup,vit_base,mixup,saga,hist_native,hist,native,cos_all,2,2000,-0.2495337602,-0.2515261132,-0.2475518496,MISSING,MISSING,10000,0,legacy-nomixdir=-0.08959933165;s1=-0.4094681887,
I2_terminal,calibration,6b707eb39f934274a5ea753d613af54dc9aad01510808f246b70506a96003003,cdf63caca2ac41cfd3ec7ba262902cad0deb3181,vit_base|mixup,vit_base,mixup,saga,hist_native,hist,native,cos_nosink_mad,2,2000,-0.2520246352,-0.2542394027,-0.2498013593,MISSING,MISSING,10000,0,legacy-nomixdir=-0.0787962878;s1=-0.4252529826,
I2_terminal,calibration,6b707eb39f934274a5ea753d613af54dc9aad01510808f246b70506a96003003,cdf63caca2ac41cfd3ec7ba262902cad0deb3181,vit_base|mixup,vit_base,mixup,saga,hist_native,hist,native,eff_rank,2,2000,7.434964645,7.236674261,7.634206488,MISSING,MISSING,10000,0,legacy-nomixdir=-9.577616745;s1=24.44754604,
I2_terminal,calibration,6b707eb39f934274a5ea753d613af54dc9aad01510808f246b70506a96003003,cdf63caca2ac41cfd3ec7ba262902cad0deb3181,vit_base|mixup,vit_base,mixup,saga,hist_term_1.00,hist,term_1.00,norm_p50,2,2000,-32.06025057,-32.35199345,-31.76542617,0.9380981532,MISSING,10000,0,legacy-nomixdir=-3.646059007;s1=-60.47444213,
I2_terminal,calibration,6b707eb39f934274a5ea753d613af54dc9aad01510808f246b70506a96003003,cdf63caca2ac41cfd3ec7ba262902cad0deb3181,vit_base|mixup,vit_base,mixup,saga,hist_term_1.00,hist,term_1.00,norm_p90,2,2000,-31.15372163,-31.43620602,-30.86148753,0.8708880998,MISSING,10000,0,legacy-nomixdir=-5.568386816;s1=-56.73905645,
I2_terminal,calibration,6b707eb39f934274a5ea753d613af54dc9aad01510808f246b70506a96003003,cdf63caca2ac41cfd3ec7ba262902cad0deb3181,vit_base|mixup,vit_base,mixup,saga,hist_term_1.00,hist,term_1.00,norm_p99,2,2000,-27.27257048,-30.36069334,-24.16988957,0.8328391726,MISSING,10000,0,legacy-nomixdir=99.26894584;s1=-153.8140868,
I2_terminal,calibration,6b707eb39f934274a5ea753d613af54dc9aad01510808f246b70506a96003003,cdf63caca2ac41cfd3ec7ba262902cad0deb3181,vit_base|mixup,vit_base,mixup,saga,hist_term_1.00,hist,term_1.00,norm_p999,2,2000,74.60141,72.47837206,76.78768654,1.074673628,MISSING,10000,0,legacy-nomixdir=189.4840345;s1=-40.2812145,
I2_terminal,calibration,6b707eb39f934274a5ea753d613af54dc9aad01510808f246b70506a96003003,cdf63caca2ac41cfd3ec7ba262902cad0deb3181,vit_base|mixup,vit_base,mixup,saga,hist_term_1.00,hist,term_1.00,norm_max,2,2000,84.75110298,82.31082017,87.23955209,1.064810431,MISSING,10000,0,legacy-nomixdir=198.2383563;s1=-28.7361503,
I2_terminal,calibration,6b707eb39f934274a5ea753d613af54dc9aad01510808f246b70506a96003003,cdf63caca2ac41cfd3ec7ba262902cad0deb3181,vit_base|mixup,vit_base,mixup,saga,hist_term_1.00,hist,term_1.00,mad_thr,2,2000,-41.34710598,-41.79373312,-40.89208448,0.8679589304,MISSING,10000,0,legacy-nomixdir=-9.962955282;s1=-72.73125669,
I2_terminal,calibration,6b707eb39f934274a5ea753d613af54dc9aad01510808f246b70506a96003003,cdf63caca2ac41cfd3ec7ba262902cad0deb3181,vit_base|mixup,vit_base,mixup,saga,hist_term_1.00,hist,term_1.00,count_fixed_canon,2,2000,-4.0285,-4.28425,-3.78075,0.9824411657,MISSING,10000,0,legacy-nomixdir=-0.634;s1=-7.423,
I2_terminal,calibration,6b707eb39f934274a5ea753d613af54dc9aad01510808f246b70506a96003003,cdf63caca2ac41cfd3ec7ba262902cad0deb3181,vit_base|mixup,vit_base,mixup,saga,hist_term_1.00,hist,term_1.00,count_fixed_cal,2,2000,-3.86125,-4.10250625,-3.629,0.9812579416,MISSING,10000,0,legacy-nomixdir=-0.6315;s1=-7.091,
I2_terminal,calibration,6b707eb39f934274a5ea753d613af54dc9aad01510808f246b70506a96003003,cdf63caca2ac41cfd3ec7ba262902cad0deb3181,vit_base|mixup,vit_base,mixup,saga,hist_term_1.00,hist,term_1.00,count_mad,2,2000,5.711,5.4707375,5.95275,0.824455031,MISSING,10000,0,legacy-nomixdir=2.166;s1=9.256,
I2_terminal,calibration,6b707eb39f934274a5ea753d613af54dc9aad01510808f246b70506a96003003,cdf63caca2ac41cfd3ec7ba262902cad0deb3181,vit_base|mixup,vit_base,mixup,saga,hist_term_1.00,hist,term_1.00,cos_all,2,2000,-0.2321859165,-0.2341863898,-0.2302002507,0.9304789715,MISSING,10000,0,legacy-nomixdir=-0.0721294995;s1=-0.3922423336,
I2_terminal,calibration,6b707eb39f934274a5ea753d613af54dc9aad01510808f246b70506a96003003,cdf63caca2ac41cfd3ec7ba262902cad0deb3181,vit_base|mixup,vit_base,mixup,saga,hist_term_1.00,hist,term_1.00,cos_nosink_mad,2,2000,-0.2361559264,-0.2382679909,-0.2340486802,0.9370350887,MISSING,10000,0,legacy-nomixdir=-0.06379296779;s1=-0.408518885,
I2_terminal,calibration,6b707eb39f934274a5ea753d613af54dc9aad01510808f246b70506a96003003,cdf63caca2ac41cfd3ec7ba262902cad0deb3181,vit_base|mixup,vit_base,mixup,saga,hist_term_1.00,hist,term_1.00,eff_rank,2,2000,5.544710088,5.347960297,5.739781067,0.7457614599,MISSING,10000,0,legacy-nomixdir=-11.33233282;s1=22.42175299,
I2_terminal,calibration,6b707eb39f934274a5ea753d613af54dc9aad01510808f246b70506a96003003,cdf63caca2ac41cfd3ec7ba262902cad0deb3181,vit_base|mixup,vit_base,mixup,saga,s11_out_native,s11_out,native,norm_p50,2,2000,-11.29226946,-11.42485446,-11.16097842,MISSING,0.3304171656,10000,0,legacy-nomixdir=0.3534078321;s1=-22.93794674,
I2_terminal,calibration,6b707eb39f934274a5ea753d613af54dc9aad01510808f246b70506a96003003,cdf63caca2ac41cfd3ec7ba262902cad0deb3181,vit_base|mixup,vit_base,mixup,saga,s11_out_native,s11_out,native,norm_p90,2,2000,-27.34199923,-27.60602242,-27.07382569,MISSING,0.764333136,10000,0,legacy-nomixdir=-13.82978516;s1=-40.85421331,
I2_terminal,calibration,6b707eb39f934274a5ea753d613af54dc9aad01510808f246b70506a96003003,cdf63caca2ac41cfd3ec7ba262902cad0deb3181,vit_base|mixup,vit_base,mixup,saga,s11_out_native,s11_out,native,norm_p99,2,2000,-32.75575446,-35.83734222,-29.6428617,MISSING,1.000282517,10000,0,legacy-nomixdir=115.0091232;s1=-180.5206321,
I2_terminal,calibration,6b707eb39f934274a5ea753d613af54dc9aad01510808f246b70506a96003003,cdf63caca2ac41cfd3ec7ba262902cad0deb3181,vit_base|mixup,vit_base,mixup,saga,s11_out_native,s11_out,native,norm_p999,2,2000,70.57469321,68.44934562,72.74936321,MISSING,1.016666597,10000,0,legacy-nomixdir=208.1372464;s1=-66.98786003,
I2_terminal,calibration,6b707eb39f934274a5ea753d613af54dc9aad01510808f246b70506a96003003,cdf63caca2ac41cfd3ec7ba262902cad0deb3181,vit_base|mixup,vit_base,mixup,saga,s11_out_native,s11_out,native,norm_max,2,2000,80.88815428,78.44469555,83.38140179,MISSING,1.016276455,10000,0,legacy-nomixdir=217.1651886;s1=-55.38888008,
I2_terminal,calibration,6b707eb39f934274a5ea753d613af54dc9aad01510808f246b70506a96003003,cdf63caca2ac41cfd3ec7ba262902cad0deb3181,vit_base|mixup,vit_base,mixup,saga,s11_out_native,s11_out,native,mad_thr,2,2000,-27.15798168,-27.47936876,-26.83387755,MISSING,0.5701006677,10000,0,legacy-nomixdir=-2.33955163;s1=-51.97641173,
I2_terminal,calibration,6b707eb39f934274a5ea753d613af54dc9aad01510808f246b70506a96003003,cdf63caca2ac41cfd3ec7ba262902cad0deb3181,vit_base|mixup,vit_base,mixup,saga,s11_out_native,s11_out,native,count_fixed_canon,0,0,MISSING,MISSING,MISSING,MISSING,MISSING,10000,0,MISSING,legacy-nomixdir:count_fixed_canon_MISSING;s1:count_fixed_canon_MISSING
I2_terminal,calibration,6b707eb39f934274a5ea753d613af54dc9aad01510808f246b70506a96003003,cdf63caca2ac41cfd3ec7ba262902cad0deb3181,vit_base|mixup,vit_base,mixup,saga,s11_out_native,s11_out,native,count_fixed_cal,2,2000,-4.99925,-5.10900625,-4.89175,MISSING,1.270457433,10000,0,legacy-nomixdir=-0.6065;s1=-9.392,
I2_terminal,calibration,6b707eb39f934274a5ea753d613af54dc9aad01510808f246b70506a96003003,cdf63caca2ac41cfd3ec7ba262902cad0deb3181,vit_base|mixup,vit_base,mixup,saga,s11_out_native,s11_out,native,count_mad,2,2000,-3.591,-3.81675625,-3.36874375,MISSING,-0.5184062365,10000,0,legacy-nomixdir=-12.674;s1=5.492,
I2_terminal,calibration,6b707eb39f934274a5ea753d613af54dc9aad01510808f246b70506a96003003,cdf63caca2ac41cfd3ec7ba262902cad0deb3181,vit_base|mixup,vit_base,mixup,saga,s11_out_native,s11_out,native,cos_all,2,2000,-0.03204276244,-0.03328847596,-0.03080020451,MISSING,0.1284105302,10000,0,legacy-nomixdir=-0.006575405829;s1=-0.05751011906,
I2_terminal,calibration,6b707eb39f934274a5ea753d613af54dc9aad01510808f246b70506a96003003,cdf63caca2ac41cfd3ec7ba262902cad0deb3181,vit_base|mixup,vit_base,mixup,saga,s11_out_native,s11_out,native,cos_nosink_mad,2,2000,-0.04494935806,-0.0465612812,-0.04336250019,MISSING,0.178353033,10000,0,legacy-nomixdir=-0.01197123071;s1=-0.07792748542,
I2_terminal,calibration,6b707eb39f934274a5ea753d613af54dc9aad01510808f246b70506a96003003,cdf63caca2ac41cfd3ec7ba262902cad0deb3181,vit_base|mixup,vit_base,mixup,saga,s11_out_native,s11_out,native,eff_rank,2,2000,-0.9300177279,-1.110752634,-0.7505926717,MISSING,-0.1250870411,10000,0,legacy-nomixdir=-15.69687382;s1=13.83683836,
