work_package,split_name,split_sha256,git_sha,generated_by,role,cell,arch,recipe_actual,variant,provenance_tag,run_id,stage,basis,n_images,n_positions,mass,gini_excess,ring0_freq,ring1_freq,ring1_share,peak_ring,eta2_pos,rho_vs_s11_out,p_vs_s11_out,resid_rho_vs_s11_out,baseline_run_id,rho_vs_baseline,p_vs_baseline,resid_rho_vs_baseline,delta_gini_excess,delta_ring1_share,delta_mass,reference,note
I1_spatial,evaluation,7fdf5f9f2ace98ef03a6267455daa1104b92b6689c510ab8b1e5420340f27014,202a712d9392527cbf2fe99525a42a1d45d01aca,analysis/frozen_I1_spatial.py,reporting,vit_base|mixup,vit_base,mixup,baseline,s1,e2r_vitb_mixup_baseline_s1,in_b07,fixed_cal,10000,196,10.0112,0.417792,0.032212,0.109868,0.482879,1,0.044918,0.994551,0.000638,0.988485,MISSING,MISSING,MISSING,MISSING,MISSING,MISSING,MISSING,1.0 = identical arrangement,"residual map correlation; rho_vs_s11_out is the SAME run at the reporting stage, which is what says whether the perturbed coordinates are the address the paper reports"
I1_spatial,evaluation,7fdf5f9f2ace98ef03a6267455daa1104b92b6689c510ab8b1e5420340f27014,202a712d9392527cbf2fe99525a42a1d45d01aca,analysis/frozen_I1_spatial.py,reporting,vit_base|mixup,vit_base,mixup,saga,s1,e2r_vitb_mixup_saga_s1,in_b07,fixed_cal,10000,196,5.2348,0.45067,0.010856,0.061682,0.518453,1,0.032275,0.998606,0.000638,0.996078,e2r_vitb_mixup_baseline_s1,0.766094,0.001913,0.487379,0.032877,0.035574,-4.7764,1.0 = identical arrangement,"residual map correlation; rho_vs_s11_out is the SAME run at the reporting stage, which is what says whether the perturbed coordinates are the address the paper reports"
I1_spatial,evaluation,7fdf5f9f2ace98ef03a6267455daa1104b92b6689c510ab8b1e5420340f27014,202a712d9392527cbf2fe99525a42a1d45d01aca,analysis/frozen_I1_spatial.py,reporting,vit_small|mixup,vit_small,mixup,baseline,s1,e2r_vits_mixup_baseline_s1,in_b07,fixed_cal,10000,196,11.4936,0.307303,0.040613,0.109711,0.419999,1,0.027107,0.980403,0.000638,0.956289,MISSING,MISSING,MISSING,MISSING,MISSING,MISSING,MISSING,1.0 = identical arrangement,"residual map correlation; rho_vs_s11_out is the SAME run at the reporting stage, which is what says whether the perturbed coordinates are the address the paper reports"
I1_spatial,evaluation,7fdf5f9f2ace98ef03a6267455daa1104b92b6689c510ab8b1e5420340f27014,202a712d9392527cbf2fe99525a42a1d45d01aca,analysis/frozen_I1_spatial.py,reporting,vit_small|mixup,vit_small,mixup,baseline,s2,e2r_vits_mixup_baseline_s2,in_b07,fixed_cal,10000,196,10.3635,0.294794,0.039687,0.092823,0.394095,1,0.021656,0.986264,0.000638,0.981838,MISSING,MISSING,MISSING,MISSING,MISSING,MISSING,MISSING,1.0 = identical arrangement,"residual map correlation; rho_vs_s11_out is the SAME run at the reporting stage, which is what says whether the perturbed coordinates are the address the paper reports"
I1_spatial,evaluation,7fdf5f9f2ace98ef03a6267455daa1104b92b6689c510ab8b1e5420340f27014,202a712d9392527cbf2fe99525a42a1d45d01aca,analysis/frozen_I1_spatial.py,reporting,vit_small|mixup,vit_small,mixup,saga,s1,e2r_vits_mixup_saga_s1,in_b07,fixed_cal,10000,196,7.1972,0.392339,0.022154,0.076452,0.46739,1,0.029463,0.990042,0.000638,0.988283,e2r_vits_mixup_baseline_s1,0.887989,0.000638,0.698871,0.085036,0.047391,-4.2964,1.0 = identical arrangement,"residual map correlation; rho_vs_s11_out is the SAME run at the reporting stage, which is what says whether the perturbed coordinates are the address the paper reports"
I1_spatial,evaluation,7fdf5f9f2ace98ef03a6267455daa1104b92b6689c510ab8b1e5420340f27014,202a712d9392527cbf2fe99525a42a1d45d01aca,analysis/frozen_I1_spatial.py,reporting,vit_small|mixup,vit_small,mixup,saga,s2,e2r_vits_mixup_saga_s2,in_b07,fixed_cal,10000,196,6.6587,0.370644,0.024475,0.068564,0.453061,1,0.023829,0.992006,0.000638,0.983557,e2r_vits_mixup_baseline_s2,0.931592,0.001276,0.843209,0.075851,0.058967,-3.7048,1.0 = identical arrangement,"residual map correlation; rho_vs_s11_out is the SAME run at the reporting stage, which is what says whether the perturbed coordinates are the address the paper reports"
I1_spatial,evaluation,7fdf5f9f2ace98ef03a6267455daa1104b92b6689c510ab8b1e5420340f27014,202a712d9392527cbf2fe99525a42a1d45d01aca,analysis/frozen_I1_spatial.py,reporting,vit_small|nomix,vit_small,nomix,baseline,s1,e2r_vits_nomix_baseline_s1,in_b07,fixed_cal,10000,196,4.1455,0.182965,0.029542,0.021609,0.229357,0,0.008297,0.752959,0.023597,0.65038,MISSING,MISSING,MISSING,MISSING,MISSING,MISSING,MISSING,1.0 = identical arrangement,"residual map correlation; rho_vs_s11_out is the SAME run at the reporting stage, which is what says whether the perturbed coordinates are the address the paper reports"
I1_spatial,evaluation,7fdf5f9f2ace98ef03a6267455daa1104b92b6689c510ab8b1e5420340f27014,202a712d9392527cbf2fe99525a42a1d45d01aca,analysis/frozen_I1_spatial.py,reporting,vit_small|nomix,vit_small,nomix,baseline,s2,e2r_vits_nomix_baseline_s2,in_b07,fixed_cal,10000,196,2.8955,0.279673,0.026369,0.01107,0.168227,0,0.044769,0.503308,0.024872,0.533707,MISSING,MISSING,MISSING,MISSING,MISSING,MISSING,MISSING,1.0 = identical arrangement,"residual map correlation; rho_vs_s11_out is the SAME run at the reporting stage, which is what says whether the perturbed coordinates are the address the paper reports"
I1_spatial,evaluation,7fdf5f9f2ace98ef03a6267455daa1104b92b6689c510ab8b1e5420340f27014,202a712d9392527cbf2fe99525a42a1d45d01aca,analysis/frozen_I1_spatial.py,reporting,vit_small|nomix,vit_small,nomix,saga,s1,e2r_vits_nomix_saga_s1,in_b07,fixed_cal,10000,196,0.325,0.354395,0.003417,0.001243,0.168308,0,0.001634,0.43006,0.089923,0.419589,e2r_vits_nomix_baseline_s1,0.595661,0.015306,0.546647,0.17143,-0.061049,-3.8205,1.0 = identical arrangement,"residual map correlation; rho_vs_s11_out is the SAME run at the reporting stage, which is what says whether the perturbed coordinates are the address the paper reports"
I1_spatial,evaluation,7fdf5f9f2ace98ef03a6267455daa1104b92b6689c510ab8b1e5420340f27014,202a712d9392527cbf2fe99525a42a1d45d01aca,analysis/frozen_I1_spatial.py,reporting,vit_small|nomix,vit_small,nomix,saga,s2,e2r_vits_nomix_saga_s2,in_b07,fixed_cal,10000,196,0.2342,0.315926,0.002521,0.000941,0.176772,0,0.001191,0.500965,0.036352,0.524131,e2r_vits_nomix_baseline_s2,0.678106,0.006378,0.307743,0.036253,0.008545,-2.6613,1.0 = identical arrangement,"residual map correlation; rho_vs_s11_out is the SAME run at the reporting stage, which is what says whether the perturbed coordinates are the address the paper reports"
I1_spatial,evaluation,7fdf5f9f2ace98ef03a6267455daa1104b92b6689c510ab8b1e5420340f27014,202a712d9392527cbf2fe99525a42a1d45d01aca,analysis/frozen_I1_spatial.py,reporting,vit_base|mixup,vit_base,mixup,baseline,legacy-nomixdir,legacy_e2_vit_base_nomixdir_baseline,in_b07,fixed_cal,10000,196,8.0447,0.384614,0.017933,0.08487,0.464194,1,0.033415,0.988536,0.000638,0.989391,MISSING,MISSING,MISSING,MISSING,MISSING,MISSING,MISSING,1.0 = identical arrangement,"residual map correlation; rho_vs_s11_out is the SAME run at the reporting stage, which is what says whether the perturbed coordinates are the address the paper reports"
I1_spatial,evaluation,7fdf5f9f2ace98ef03a6267455daa1104b92b6689c510ab8b1e5420340f27014,202a712d9392527cbf2fe99525a42a1d45d01aca,analysis/frozen_I1_spatial.py,reporting,vit_base|mixup,vit_base,mixup,registers,legacy-nomixdir,legacy_e2_vit_base_nomixdir_registers,in_b07,fixed_cal,10000,196,2.2114,0.090976,0.008683,0.011425,0.227322,6,0.000728,0.161431,0.035077,0.129798,legacy_e2_vit_base_nomixdir_baseline,0.236988,0.074617,-0.014313,-0.293638,-0.236872,-5.8333,1.0 = identical arrangement,"residual map correlation; rho_vs_s11_out is the SAME run at the reporting stage, which is what says whether the perturbed coordinates are the address the paper reports"
I1_spatial,evaluation,7fdf5f9f2ace98ef03a6267455daa1104b92b6689c510ab8b1e5420340f27014,202a712d9392527cbf2fe99525a42a1d45d01aca,analysis/frozen_I1_spatial.py,reporting,vit_base|mixup,vit_base,mixup,saga,legacy-nomixdir,legacy_e2_vit_base_nomixdir_saga,in_b07,fixed_cal,10000,196,6.6519,0.38997,0.017025,0.069491,0.459658,1,0.025815,0.995773,0.000638,0.991651,legacy_e2_vit_base_nomixdir_baseline,0.815688,0.001913,0.494547,0.005357,-0.004536,-1.3928,1.0 = identical arrangement,"residual map correlation; rho_vs_s11_out is the SAME run at the reporting stage, which is what says whether the perturbed coordinates are the address the paper reports"
I1_spatial,evaluation,7fdf5f9f2ace98ef03a6267455daa1104b92b6689c510ab8b1e5420340f27014,202a712d9392527cbf2fe99525a42a1d45d01aca,analysis/frozen_I1_spatial.py,reporting,vit_small|mixup,vit_small,mixup,baseline,legacy-mixupdir,legacy_e2_vit_small_mixupdir_baseline,in_b07,fixed_cal,10000,196,13.5631,0.280074,0.048733,0.117011,0.379596,1,0.023802,0.99066,0.000638,0.988469,MISSING,MISSING,MISSING,MISSING,MISSING,MISSING,MISSING,1.0 = identical arrangement,"residual map correlation; rho_vs_s11_out is the SAME run at the reporting stage, which is what says whether the perturbed coordinates are the address the paper reports"
I1_spatial,evaluation,7fdf5f9f2ace98ef03a6267455daa1104b92b6689c510ab8b1e5420340f27014,202a712d9392527cbf2fe99525a42a1d45d01aca,analysis/frozen_I1_spatial.py,reporting,vit_small|mixup,vit_small,mixup,registers,legacy-mixupdir,legacy_e2_vit_small_mixupdir_registers,in_b07,fixed_cal,10000,196,1.6169,0.090995,0.009494,0.0077,0.209537,6,0.00068,-0.314221,0.022959,-0.069142,legacy_e2_vit_small_mixupdir_baseline,-0.11112,0.619898,0.222374,-0.189079,-0.170059,-11.9462,1.0 = identical arrangement,"residual map correlation; rho_vs_s11_out is the SAME run at the reporting stage, which is what says whether the perturbed coordinates are the address the paper reports"
I1_spatial,evaluation,7fdf5f9f2ace98ef03a6267455daa1104b92b6689c510ab8b1e5420340f27014,202a712d9392527cbf2fe99525a42a1d45d01aca,analysis/frozen_I1_spatial.py,reporting,vit_small|mixup,vit_small,mixup,saga,legacy-mixupdir,legacy_e2_vit_small_mixupdir_saga,in_b07,fixed_cal,10000,196,5.6816,0.365821,0.020117,0.058002,0.449187,1,0.020073,0.994076,0.000638,0.992757,legacy_e2_vit_small_mixupdir_baseline,0.892919,0.001276,0.722571,0.085747,0.069591,-7.8815,1.0 = identical arrangement,"residual map correlation; rho_vs_s11_out is the SAME run at the reporting stage, which is what says whether the perturbed coordinates are the address the paper reports"
I1_spatial,evaluation,7fdf5f9f2ace98ef03a6267455daa1104b92b6689c510ab8b1e5420340f27014,202a712d9392527cbf2fe99525a42a1d45d01aca,analysis/frozen_I1_spatial.py,reporting,vit_small|mixup,vit_small,mixup,baseline,legacy-nomixdir,legacy_e2_vit_small_nomixdir_baseline,in_b07,fixed_cal,10000,196,10.3232,0.322869,0.0365,0.09958,0.424432,1,0.025716,0.973451,0.000638,0.972358,MISSING,MISSING,MISSING,MISSING,MISSING,MISSING,MISSING,1.0 = identical arrangement,"residual map correlation; rho_vs_s11_out is the SAME run at the reporting stage, which is what says whether the perturbed coordinates are the address the paper reports"
I1_spatial,evaluation,7fdf5f9f2ace98ef03a6267455daa1104b92b6689c510ab8b1e5420340f27014,202a712d9392527cbf2fe99525a42a1d45d01aca,analysis/frozen_I1_spatial.py,reporting,vit_small|mixup,vit_small,mixup,registers,legacy-nomixdir,legacy_e2_vit_small_nomixdir_registers,in_b07,fixed_cal,10000,196,0.9713,0.090131,0.005033,0.004759,0.215587,6,0.000492,0.074037,0.649235,0.401751,legacy_e2_vit_small_nomixdir_baseline,-0.060578,0.771046,0.196719,-0.232738,-0.208845,-9.3519,1.0 = identical arrangement,"residual map correlation; rho_vs_s11_out is the SAME run at the reporting stage, which is what says whether the perturbed coordinates are the address the paper reports"
I1_spatial,evaluation,7fdf5f9f2ace98ef03a6267455daa1104b92b6689c510ab8b1e5420340f27014,202a712d9392527cbf2fe99525a42a1d45d01aca,analysis/frozen_I1_spatial.py,reporting,vit_small|mixup,vit_small,mixup,saga,legacy-nomixdir,legacy_e2_vit_small_nomixdir_saga,in_b07,fixed_cal,10000,196,9.5444,0.354401,0.032892,0.091164,0.420267,1,0.027792,0.991664,0.000638,0.995607,legacy_e2_vit_small_nomixdir_baseline,0.824418,0.001276,0.512751,0.031531,-0.004165,-0.7788,1.0 = identical arrangement,"residual map correlation; rho_vs_s11_out is the SAME run at the reporting stage, which is what says whether the perturbed coordinates are the address the paper reports"
I1_spatial,evaluation,7fdf5f9f2ace98ef03a6267455daa1104b92b6689c510ab8b1e5420340f27014,202a712d9392527cbf2fe99525a42a1d45d01aca,analysis/frozen_I1_spatial.py,reporting,vit_base|mixup,vit_base,mixup,baseline,s1,e2r_vitb_mixup_baseline_s1,in_b07,mad,10000,196,10.2156,0.409551,0.033012,0.111073,0.478406,1,0.044055,0.996133,0.000638,0.991817,MISSING,MISSING,MISSING,MISSING,MISSING,MISSING,MISSING,1.0 = identical arrangement,"residual map correlation; rho_vs_s11_out is the SAME run at the reporting stage, which is what says whether the perturbed coordinates are the address the paper reports"
I1_spatial,evaluation,7fdf5f9f2ace98ef03a6267455daa1104b92b6689c510ab8b1e5420340f27014,202a712d9392527cbf2fe99525a42a1d45d01aca,analysis/frozen_I1_spatial.py,reporting,vit_base|mixup,vit_base,mixup,saga,s1,e2r_vitb_mixup_saga_s1,in_b07,mad,10000,196,6.2969,0.377298,0.015485,0.067289,0.470184,1,0.027299,0.94617,0.000638,0.894897,e2r_vitb_mixup_baseline_s1,0.741525,0.001913,0.475437,-0.032254,-0.008222,-3.9187,1.0 = identical arrangement,"residual map correlation; rho_vs_s11_out is the SAME run at the reporting stage, which is what says whether the perturbed coordinates are the address the paper reports"
I1_spatial,evaluation,7fdf5f9f2ace98ef03a6267455daa1104b92b6689c510ab8b1e5420340f27014,202a712d9392527cbf2fe99525a42a1d45d01aca,analysis/frozen_I1_spatial.py,reporting,vit_small|mixup,vit_small,mixup,baseline,s1,e2r_vits_mixup_baseline_s1,in_b07,mad,10000,196,11.0443,0.320446,0.038883,0.107648,0.428864,1,0.028182,0.9863,0.000638,0.972247,MISSING,MISSING,MISSING,MISSING,MISSING,MISSING,MISSING,1.0 = identical arrangement,"residual map correlation; rho_vs_s11_out is the SAME run at the reporting stage, which is what says whether the perturbed coordinates are the address the paper reports"
I1_spatial,evaluation,7fdf5f9f2ace98ef03a6267455daa1104b92b6689c510ab8b1e5420340f27014,202a712d9392527cbf2fe99525a42a1d45d01aca,analysis/frozen_I1_spatial.py,reporting,vit_small|mixup,vit_small,mixup,baseline,s2,e2r_vits_mixup_baseline_s2,in_b07,mad,10000,196,10.7032,0.287356,0.040919,0.09485,0.389921,1,0.021286,0.990498,0.000638,0.982717,MISSING,MISSING,MISSING,MISSING,MISSING,MISSING,MISSING,1.0 = identical arrangement,"residual map correlation; rho_vs_s11_out is the SAME run at the reporting stage, which is what says whether the perturbed coordinates are the address the paper reports"
I1_spatial,evaluation,7fdf5f9f2ace98ef03a6267455daa1104b92b6689c510ab8b1e5420340f27014,202a712d9392527cbf2fe99525a42a1d45d01aca,analysis/frozen_I1_spatial.py,reporting,vit_small|mixup,vit_small,mixup,saga,s1,e2r_vits_mixup_saga_s1,in_b07,mad,10000,196,9.5606,0.320064,0.032533,0.091502,0.421114,1,0.025833,0.988084,0.000638,0.985321,e2r_vits_mixup_baseline_s1,0.891368,0.000638,0.70162,-0.000382,-0.00775,-1.4837,1.0 = identical arrangement,"residual map correlation; rho_vs_s11_out is the SAME run at the reporting stage, which is what says whether the perturbed coordinates are the address the paper reports"
I1_spatial,evaluation,7fdf5f9f2ace98ef03a6267455daa1104b92b6689c510ab8b1e5420340f27014,202a712d9392527cbf2fe99525a42a1d45d01aca,analysis/frozen_I1_spatial.py,reporting,vit_small|mixup,vit_small,mixup,saga,s2,e2r_vits_mixup_saga_s2,in_b07,mad,10000,196,9.3934,0.289648,0.037071,0.085543,0.400696,1,0.020305,0.98955,0.000638,0.979291,e2r_vits_mixup_baseline_s2,0.927601,0.001276,0.841161,0.002292,0.010775,-1.3098,1.0 = identical arrangement,"residual map correlation; rho_vs_s11_out is the SAME run at the reporting stage, which is what says whether the perturbed coordinates are the address the paper reports"
I1_spatial,evaluation,7fdf5f9f2ace98ef03a6267455daa1104b92b6689c510ab8b1e5420340f27014,202a712d9392527cbf2fe99525a42a1d45d01aca,analysis/frozen_I1_spatial.py,reporting,vit_small|nomix,vit_small,nomix,baseline,s1,e2r_vits_nomix_baseline_s1,in_b07,mad,10000,196,2.8782,0.201955,0.022019,0.012477,0.190744,0,0.011742,0.542746,0.015306,0.541642,MISSING,MISSING,MISSING,MISSING,MISSING,MISSING,MISSING,1.0 = identical arrangement,"residual map correlation; rho_vs_s11_out is the SAME run at the reporting stage, which is what says whether the perturbed coordinates are the address the paper reports"
I1_spatial,evaluation,7fdf5f9f2ace98ef03a6267455daa1104b92b6689c510ab8b1e5420340f27014,202a712d9392527cbf2fe99525a42a1d45d01aca,analysis/frozen_I1_spatial.py,reporting,vit_small|nomix,vit_small,nomix,baseline,s2,e2r_vits_nomix_baseline_s2,in_b07,mad,10000,196,3.4137,0.291995,0.029698,0.011632,0.149925,0,0.049584,0.493486,0.002551,0.751862,MISSING,MISSING,MISSING,MISSING,MISSING,MISSING,MISSING,1.0 = identical arrangement,"residual map correlation; rho_vs_s11_out is the SAME run at the reporting stage, which is what says whether the perturbed coordinates are the address the paper reports"
I1_spatial,evaluation,7fdf5f9f2ace98ef03a6267455daa1104b92b6689c510ab8b1e5420340f27014,202a712d9392527cbf2fe99525a42a1d45d01aca,analysis/frozen_I1_spatial.py,reporting,vit_small|nomix,vit_small,nomix,saga,s1,e2r_vits_nomix_saga_s1,in_b07,mad,10000,196,2.6712,0.173918,0.01886,0.011268,0.185609,6,0.007148,0.492307,0.000638,0.501038,e2r_vits_nomix_baseline_s1,0.87046,0.000638,0.852328,-0.028037,-0.005135,-0.207,1.0 = identical arrangement,"residual map correlation; rho_vs_s11_out is the SAME run at the reporting stage, which is what says whether the perturbed coordinates are the address the paper reports"
I1_spatial,evaluation,7fdf5f9f2ace98ef03a6267455daa1104b92b6689c510ab8b1e5420340f27014,202a712d9392527cbf2fe99525a42a1d45d01aca,analysis/frozen_I1_spatial.py,reporting,vit_small|nomix,vit_small,nomix,saga,s2,e2r_vits_nomix_saga_s2,in_b07,mad,10000,196,2.8483,0.121419,0.016133,0.01283,0.198188,6,0.002284,0.537475,0.002551,0.701311,e2r_vits_nomix_baseline_s2,0.817437,0.000638,0.660927,-0.170576,0.048263,-0.5654,1.0 = identical arrangement,"residual map correlation; rho_vs_s11_out is the SAME run at the reporting stage, which is what says whether the perturbed coordinates are the address the paper reports"
I1_spatial,evaluation,7fdf5f9f2ace98ef03a6267455daa1104b92b6689c510ab8b1e5420340f27014,202a712d9392527cbf2fe99525a42a1d45d01aca,analysis/frozen_I1_spatial.py,reporting,vit_base|mixup,vit_base,mixup,baseline,legacy-nomixdir,legacy_e2_vit_base_nomixdir_baseline,in_b07,mad,10000,196,7.4968,0.412094,0.016256,0.082214,0.482526,1,0.035818,0.914619,0.000638,0.897849,MISSING,MISSING,MISSING,MISSING,MISSING,MISSING,MISSING,1.0 = identical arrangement,"residual map correlation; rho_vs_s11_out is the SAME run at the reporting stage, which is what says whether the perturbed coordinates are the address the paper reports"
I1_spatial,evaluation,7fdf5f9f2ace98ef03a6267455daa1104b92b6689c510ab8b1e5420340f27014,202a712d9392527cbf2fe99525a42a1d45d01aca,analysis/frozen_I1_spatial.py,reporting,vit_base|mixup,vit_base,mixup,registers,legacy-nomixdir,legacy_e2_vit_base_nomixdir_registers,in_b07,mad,10000,196,0.6463,0.081291,0.002812,0.003364,0.228996,6,0.000348,0.017785,0.949617,0.325336,legacy_e2_vit_base_nomixdir_baseline,0.169586,0.15051,0.13634,-0.330803,-0.25353,-6.8505,1.0 = identical arrangement,"residual map correlation; rho_vs_s11_out is the SAME run at the reporting stage, which is what says whether the perturbed coordinates are the address the paper reports"
I1_spatial,evaluation,7fdf5f9f2ace98ef03a6267455daa1104b92b6689c510ab8b1e5420340f27014,202a712d9392527cbf2fe99525a42a1d45d01aca,analysis/frozen_I1_spatial.py,reporting,vit_base|mixup,vit_base,mixup,saga,legacy-nomixdir,legacy_e2_vit_base_nomixdir_saga,in_b07,mad,10000,196,10.4212,0.2482,0.035687,0.089386,0.377404,1,0.016686,0.987132,0.000638,0.973156,legacy_e2_vit_base_nomixdir_baseline,0.831049,0.002551,0.514736,-0.163893,-0.105122,2.9244,1.0 = identical arrangement,"residual map correlation; rho_vs_s11_out is the SAME run at the reporting stage, which is what says whether the perturbed coordinates are the address the paper reports"
I1_spatial,evaluation,7fdf5f9f2ace98ef03a6267455daa1104b92b6689c510ab8b1e5420340f27014,202a712d9392527cbf2fe99525a42a1d45d01aca,analysis/frozen_I1_spatial.py,reporting,vit_small|mixup,vit_small,mixup,baseline,legacy-mixupdir,legacy_e2_vit_small_mixupdir_baseline,in_b07,mad,10000,196,13.5492,0.275271,0.049533,0.11625,0.377513,1,0.023184,0.997538,0.000638,0.9933,MISSING,MISSING,MISSING,MISSING,MISSING,MISSING,MISSING,1.0 = identical arrangement,"residual map correlation; rho_vs_s11_out is the SAME run at the reporting stage, which is what says whether the perturbed coordinates are the address the paper reports"
I1_spatial,evaluation,7fdf5f9f2ace98ef03a6267455daa1104b92b6689c510ab8b1e5420340f27014,202a712d9392527cbf2fe99525a42a1d45d01aca,analysis/frozen_I1_spatial.py,reporting,vit_small|mixup,vit_small,mixup,registers,legacy-mixupdir,legacy_e2_vit_small_mixupdir_registers,in_b07,mad,10000,196,2.461,0.089138,0.013229,0.011907,0.212881,6,0.00081,-8.6e-05,1.0,0.30901,legacy_e2_vit_small_mixupdir_baseline,-0.090219,0.725765,0.245873,-0.186133,-0.164632,-11.0882,1.0 = identical arrangement,"residual map correlation; rho_vs_s11_out is the SAME run at the reporting stage, which is what says whether the perturbed coordinates are the address the paper reports"
I1_spatial,evaluation,7fdf5f9f2ace98ef03a6267455daa1104b92b6689c510ab8b1e5420340f27014,202a712d9392527cbf2fe99525a42a1d45d01aca,analysis/frozen_I1_spatial.py,reporting,vit_small|mixup,vit_small,mixup,saga,legacy-mixupdir,legacy_e2_vit_small_mixupdir_saga,in_b07,mad,10000,196,8.1265,0.284749,0.030998,0.073507,0.397994,1,0.017004,0.980046,0.000638,0.953067,legacy_e2_vit_small_mixupdir_baseline,0.879582,0.001276,0.716201,0.009479,0.020481,-5.4227,1.0 = identical arrangement,"residual map correlation; rho_vs_s11_out is the SAME run at the reporting stage, which is what says whether the perturbed coordinates are the address the paper reports"
I1_spatial,evaluation,7fdf5f9f2ace98ef03a6267455daa1104b92b6689c510ab8b1e5420340f27014,202a712d9392527cbf2fe99525a42a1d45d01aca,analysis/frozen_I1_spatial.py,reporting,vit_small|mixup,vit_small,mixup,baseline,legacy-nomixdir,legacy_e2_vit_small_nomixdir_baseline,in_b07,mad,10000,196,11.4387,0.294685,0.041521,0.105859,0.407197,1,0.023881,0.982941,0.000638,0.965903,MISSING,MISSING,MISSING,MISSING,MISSING,MISSING,MISSING,1.0 = identical arrangement,"residual map correlation; rho_vs_s11_out is the SAME run at the reporting stage, which is what says whether the perturbed coordinates are the address the paper reports"
I1_spatial,evaluation,7fdf5f9f2ace98ef03a6267455daa1104b92b6689c510ab8b1e5420340f27014,202a712d9392527cbf2fe99525a42a1d45d01aca,analysis/frozen_I1_spatial.py,reporting,vit_small|mixup,vit_small,mixup,registers,legacy-nomixdir,legacy_e2_vit_small_nomixdir_registers,in_b07,mad,10000,196,2.4276,0.08133,0.012163,0.012514,0.226808,6,0.000702,0.46068,0.000638,0.62763,legacy_e2_vit_small_nomixdir_baseline,0.074773,0.751276,0.261125,-0.213355,-0.180388,-9.0111,1.0 = identical arrangement,"residual map correlation; rho_vs_s11_out is the SAME run at the reporting stage, which is what says whether the perturbed coordinates are the address the paper reports"
I1_spatial,evaluation,7fdf5f9f2ace98ef03a6267455daa1104b92b6689c510ab8b1e5420340f27014,202a712d9392527cbf2fe99525a42a1d45d01aca,analysis/frozen_I1_spatial.py,reporting,vit_small|mixup,vit_small,mixup,saga,legacy-nomixdir,legacy_e2_vit_small_nomixdir_saga,in_b07,mad,10000,196,12.8924,0.293732,0.049263,0.113634,0.387818,1,0.025648,0.986616,0.000638,0.987672,legacy_e2_vit_small_nomixdir_baseline,0.830395,0.001276,0.5438,-0.000953,-0.019379,1.4537,1.0 = identical arrangement,"residual map correlation; rho_vs_s11_out is the SAME run at the reporting stage, which is what says whether the perturbed coordinates are the address the paper reports"
I1_spatial,evaluation,7fdf5f9f2ace98ef03a6267455daa1104b92b6689c510ab8b1e5420340f27014,202a712d9392527cbf2fe99525a42a1d45d01aca,analysis/frozen_I1_spatial.py,reporting,vit_base|mixup,vit_base,mixup,baseline,s1,e2r_vitb_mixup_baseline_s1,in_b08,fixed_cal,10000,196,10.15,0.416049,0.032888,0.111007,0.481212,1,0.044953,0.994431,0.000638,0.988752,MISSING,MISSING,MISSING,MISSING,MISSING,MISSING,MISSING,1.0 = identical arrangement,"residual map correlation; rho_vs_s11_out is the SAME run at the reporting stage, which is what says whether the perturbed coordinates are the address the paper reports"
I1_spatial,evaluation,7fdf5f9f2ace98ef03a6267455daa1104b92b6689c510ab8b1e5420340f27014,202a712d9392527cbf2fe99525a42a1d45d01aca,analysis/frozen_I1_spatial.py,reporting,vit_base|mixup,vit_base,mixup,saga,s1,e2r_vitb_mixup_saga_s1,in_b08,fixed_cal,10000,196,5.1963,0.449293,0.010767,0.061105,0.517407,1,0.031945,0.99848,0.000638,0.996061,e2r_vitb_mixup_baseline_s1,0.762993,0.001913,0.482847,0.033244,0.036195,-4.9537,1.0 = identical arrangement,"residual map correlation; rho_vs_s11_out is the SAME run at the reporting stage, which is what says whether the perturbed coordinates are the address the paper reports"
I1_spatial,evaluation,7fdf5f9f2ace98ef03a6267455daa1104b92b6689c510ab8b1e5420340f27014,202a712d9392527cbf2fe99525a42a1d45d01aca,analysis/frozen_I1_spatial.py,reporting,vit_small|mixup,vit_small,mixup,baseline,s1,e2r_vits_mixup_baseline_s1,in_b08,fixed_cal,10000,196,12.1791,0.301121,0.04399,0.114868,0.41499,1,0.027266,0.986232,0.000638,0.973369,MISSING,MISSING,MISSING,MISSING,MISSING,MISSING,MISSING,1.0 = identical arrangement,"residual map correlation; rho_vs_s11_out is the SAME run at the reporting stage, which is what says whether the perturbed coordinates are the address the paper reports"
I1_spatial,evaluation,7fdf5f9f2ace98ef03a6267455daa1104b92b6689c510ab8b1e5420340f27014,202a712d9392527cbf2fe99525a42a1d45d01aca,analysis/frozen_I1_spatial.py,reporting,vit_small|mixup,vit_small,mixup,baseline,s2,e2r_vits_mixup_baseline_s2,in_b08,fixed_cal,10000,196,14.3698,0.269448,0.056944,0.123523,0.378224,1,0.023719,0.985583,0.000638,0.985895,MISSING,MISSING,MISSING,MISSING,MISSING,MISSING,MISSING,1.0 = identical arrangement,"residual map correlation; rho_vs_s11_out is the SAME run at the reporting stage, which is what says whether the perturbed coordinates are the address the paper reports"
I1_spatial,evaluation,7fdf5f9f2ace98ef03a6267455daa1104b92b6689c510ab8b1e5420340f27014,202a712d9392527cbf2fe99525a42a1d45d01aca,analysis/frozen_I1_spatial.py,reporting,vit_small|mixup,vit_small,mixup,saga,s1,e2r_vits_mixup_saga_s1,in_b08,fixed_cal,10000,196,8.9154,0.362496,0.028979,0.090589,0.44708,1,0.029358,0.992006,0.000638,0.992424,e2r_vits_mixup_baseline_s1,0.905425,0.000638,0.714341,0.061375,0.032091,-3.2637,1.0 = identical arrangement,"residual map correlation; rho_vs_s11_out is the SAME run at the reporting stage, which is what says whether the perturbed coordinates are the address the paper reports"
I1_spatial,evaluation,7fdf5f9f2ace98ef03a6267455daa1104b92b6689c510ab8b1e5420340f27014,202a712d9392527cbf2fe99525a42a1d45d01aca,analysis/frozen_I1_spatial.py,reporting,vit_small|mixup,vit_small,mixup,saga,s2,e2r_vits_mixup_saga_s2,in_b08,fixed_cal,10000,196,8.251,0.349929,0.03151,0.081732,0.43585,1,0.024768,0.991023,0.000638,0.989037,e2r_vits_mixup_baseline_s2,0.93283,0.000638,0.83968,0.080482,0.057626,-6.1188,1.0 = identical arrangement,"residual map correlation; rho_vs_s11_out is the SAME run at the reporting stage, which is what says whether the perturbed coordinates are the address the paper reports"
I1_spatial,evaluation,7fdf5f9f2ace98ef03a6267455daa1104b92b6689c510ab8b1e5420340f27014,202a712d9392527cbf2fe99525a42a1d45d01aca,analysis/frozen_I1_spatial.py,reporting,vit_small|nomix,vit_small,nomix,baseline,s1,e2r_vits_nomix_baseline_s1,in_b08,fixed_cal,10000,196,2.499,0.180186,0.01819,0.014223,0.25042,0,0.002841,0.85656,0.000638,0.765698,MISSING,MISSING,MISSING,MISSING,MISSING,MISSING,MISSING,1.0 = identical arrangement,"residual map correlation; rho_vs_s11_out is the SAME run at the reporting stage, which is what says whether the perturbed coordinates are the address the paper reports"
I1_spatial,evaluation,7fdf5f9f2ace98ef03a6267455daa1104b92b6689c510ab8b1e5420340f27014,202a712d9392527cbf2fe99525a42a1d45d01aca,analysis/frozen_I1_spatial.py,reporting,vit_small|nomix,vit_small,nomix,baseline,s2,e2r_vits_nomix_baseline_s2,in_b08,fixed_cal,10000,196,1.9081,0.194399,0.014654,0.008845,0.203973,0,0.01263,0.632073,0.008291,0.558535,MISSING,MISSING,MISSING,MISSING,MISSING,MISSING,MISSING,1.0 = identical arrangement,"residual map correlation; rho_vs_s11_out is the SAME run at the reporting stage, which is what says whether the perturbed coordinates are the address the paper reports"
I1_spatial,evaluation,7fdf5f9f2ace98ef03a6267455daa1104b92b6689c510ab8b1e5420340f27014,202a712d9392527cbf2fe99525a42a1d45d01aca,analysis/frozen_I1_spatial.py,reporting,vit_small|nomix,vit_small,nomix,saga,s1,e2r_vits_nomix_saga_s1,in_b08,fixed_cal,10000,196,0.4086,0.344498,0.004304,0.002039,0.21953,0,0.001834,0.615046,0.017857,0.466189,e2r_vits_nomix_baseline_s1,0.725375,0.001276,0.614931,0.164312,-0.03089,-2.0904,1.0 = identical arrangement,"residual map correlation; rho_vs_s11_out is the SAME run at the reporting stage, which is what says whether the perturbed coordinates are the address the paper reports"
I1_spatial,evaluation,7fdf5f9f2ace98ef03a6267455daa1104b92b6689c510ab8b1e5420340f27014,202a712d9392527cbf2fe99525a42a1d45d01aca,analysis/frozen_I1_spatial.py,reporting,vit_small|nomix,vit_small,nomix,saga,s2,e2r_vits_nomix_saga_s2,in_b08,fixed_cal,10000,196,0.3085,0.254869,0.002881,0.001345,0.191896,0,0.000983,0.507063,0.049107,0.523124,e2r_vits_nomix_baseline_s2,0.56144,0.059311,0.325833,0.06047,-0.012076,-1.5996,1.0 = identical arrangement,"residual map correlation; rho_vs_s11_out is the SAME run at the reporting stage, which is what says whether the perturbed coordinates are the address the paper reports"
I1_spatial,evaluation,7fdf5f9f2ace98ef03a6267455daa1104b92b6689c510ab8b1e5420340f27014,202a712d9392527cbf2fe99525a42a1d45d01aca,analysis/frozen_I1_spatial.py,reporting,vit_base|mixup,vit_base,mixup,baseline,legacy-nomixdir,legacy_e2_vit_base_nomixdir_baseline,in_b08,fixed_cal,10000,196,16.4548,0.217584,0.059246,0.134495,0.35964,1,0.020434,0.975887,0.000638,0.952909,MISSING,MISSING,MISSING,MISSING,MISSING,MISSING,MISSING,1.0 = identical arrangement,"residual map correlation; rho_vs_s11_out is the SAME run at the reporting stage, which is what says whether the perturbed coordinates are the address the paper reports"
I1_spatial,evaluation,7fdf5f9f2ace98ef03a6267455daa1104b92b6689c510ab8b1e5420340f27014,202a712d9392527cbf2fe99525a42a1d45d01aca,analysis/frozen_I1_spatial.py,reporting,vit_base|mixup,vit_base,mixup,registers,legacy-nomixdir,legacy_e2_vit_base_nomixdir_registers,in_b08,fixed_cal,10000,196,1.7698,0.102941,0.006906,0.009255,0.230082,6,0.000759,0.175659,0.022321,0.130071,legacy_e2_vit_base_nomixdir_baseline,0.12703,0.423469,-0.071195,-0.114643,-0.129557,-14.685,1.0 = identical arrangement,"residual map correlation; rho_vs_s11_out is the SAME run at the reporting stage, which is what says whether the perturbed coordinates are the address the paper reports"
I1_spatial,evaluation,7fdf5f9f2ace98ef03a6267455daa1104b92b6689c510ab8b1e5420340f27014,202a712d9392527cbf2fe99525a42a1d45d01aca,analysis/frozen_I1_spatial.py,reporting,vit_base|mixup,vit_base,mixup,saga,legacy-nomixdir,legacy_e2_vit_base_nomixdir_saga,in_b08,fixed_cal,10000,196,6.5896,0.389738,0.016456,0.068818,0.459512,1,0.02566,0.994559,0.000638,0.991583,legacy_e2_vit_base_nomixdir_baseline,0.856729,0.000638,0.5582,0.172153,0.099872,-9.8652,1.0 = identical arrangement,"residual map correlation; rho_vs_s11_out is the SAME run at the reporting stage, which is what says whether the perturbed coordinates are the address the paper reports"
I1_spatial,evaluation,7fdf5f9f2ace98ef03a6267455daa1104b92b6689c510ab8b1e5420340f27014,202a712d9392527cbf2fe99525a42a1d45d01aca,analysis/frozen_I1_spatial.py,reporting,vit_small|mixup,vit_small,mixup,baseline,legacy-mixupdir,legacy_e2_vit_small_mixupdir_baseline,in_b08,fixed_cal,10000,196,13.6711,0.273351,0.048519,0.116632,0.375376,1,0.023086,0.993155,0.000638,0.989186,MISSING,MISSING,MISSING,MISSING,MISSING,MISSING,MISSING,1.0 = identical arrangement,"residual map correlation; rho_vs_s11_out is the SAME run at the reporting stage, which is what says whether the perturbed coordinates are the address the paper reports"
I1_spatial,evaluation,7fdf5f9f2ace98ef03a6267455daa1104b92b6689c510ab8b1e5420340f27014,202a712d9392527cbf2fe99525a42a1d45d01aca,analysis/frozen_I1_spatial.py,reporting,vit_small|mixup,vit_small,mixup,registers,legacy-mixupdir,legacy_e2_vit_small_mixupdir_registers,in_b08,fixed_cal,10000,196,1.1979,0.073012,0.005729,0.005782,0.212372,6,0.000396,-0.177791,0.128189,-0.018586,legacy_e2_vit_small_mixupdir_baseline,-0.092303,0.653699,0.319056,-0.200339,-0.163004,-12.4732,1.0 = identical arrangement,"residual map correlation; rho_vs_s11_out is the SAME run at the reporting stage, which is what says whether the perturbed coordinates are the address the paper reports"
I1_spatial,evaluation,7fdf5f9f2ace98ef03a6267455daa1104b92b6689c510ab8b1e5420340f27014,202a712d9392527cbf2fe99525a42a1d45d01aca,analysis/frozen_I1_spatial.py,reporting,vit_small|mixup,vit_small,mixup,saga,legacy-mixupdir,legacy_e2_vit_small_mixupdir_saga,in_b08,fixed_cal,10000,196,8.0436,0.326044,0.029933,0.077016,0.421291,1,0.020665,0.992558,0.000638,0.995251,legacy_e2_vit_small_mixupdir_baseline,0.892636,0.001276,0.730109,0.052693,0.045916,-5.6275,1.0 = identical arrangement,"residual map correlation; rho_vs_s11_out is the SAME run at the reporting stage, which is what says whether the perturbed coordinates are the address the paper reports"
I1_spatial,evaluation,7fdf5f9f2ace98ef03a6267455daa1104b92b6689c510ab8b1e5420340f27014,202a712d9392527cbf2fe99525a42a1d45d01aca,analysis/frozen_I1_spatial.py,reporting,vit_small|mixup,vit_small,mixup,baseline,legacy-nomixdir,legacy_e2_vit_small_nomixdir_baseline,in_b08,fixed_cal,10000,196,11.4162,0.296013,0.039288,0.105664,0.407246,1,0.023846,0.986243,0.000638,0.977811,MISSING,MISSING,MISSING,MISSING,MISSING,MISSING,MISSING,1.0 = identical arrangement,"residual map correlation; rho_vs_s11_out is the SAME run at the reporting stage, which is what says whether the perturbed coordinates are the address the paper reports"
I1_spatial,evaluation,7fdf5f9f2ace98ef03a6267455daa1104b92b6689c510ab8b1e5420340f27014,202a712d9392527cbf2fe99525a42a1d45d01aca,analysis/frozen_I1_spatial.py,reporting,vit_small|mixup,vit_small,mixup,registers,legacy-nomixdir,legacy_e2_vit_small_nomixdir_registers,in_b08,fixed_cal,10000,196,2.546,0.071603,0.009838,0.015411,0.266339,1,0.000609,0.625114,0.000638,0.699302,legacy_e2_vit_small_nomixdir_baseline,0.492269,0.014668,0.353019,-0.22441,-0.140906,-8.8702,1.0 = identical arrangement,"residual map correlation; rho_vs_s11_out is the SAME run at the reporting stage, which is what says whether the perturbed coordinates are the address the paper reports"
I1_spatial,evaluation,7fdf5f9f2ace98ef03a6267455daa1104b92b6689c510ab8b1e5420340f27014,202a712d9392527cbf2fe99525a42a1d45d01aca,analysis/frozen_I1_spatial.py,reporting,vit_small|mixup,vit_small,mixup,saga,legacy-nomixdir,legacy_e2_vit_small_nomixdir_saga,in_b08,fixed_cal,10000,196,9.4996,0.351598,0.032485,0.090495,0.419154,1,0.02731,0.99258,0.000638,0.995995,legacy_e2_vit_small_nomixdir_baseline,0.820601,0.001276,0.521507,0.055584,0.011909,-1.9166,1.0 = identical arrangement,"residual map correlation; rho_vs_s11_out is the SAME run at the reporting stage, which is what says whether the perturbed coordinates are the address the paper reports"
I1_spatial,evaluation,7fdf5f9f2ace98ef03a6267455daa1104b92b6689c510ab8b1e5420340f27014,202a712d9392527cbf2fe99525a42a1d45d01aca,analysis/frozen_I1_spatial.py,reporting,vit_base|mixup,vit_base,mixup,baseline,s1,e2r_vitb_mixup_baseline_s1,in_b08,mad,10000,196,10.5257,0.401768,0.034602,0.11315,0.472995,1,0.043484,0.996008,0.000638,0.991776,MISSING,MISSING,MISSING,MISSING,MISSING,MISSING,MISSING,1.0 = identical arrangement,"residual map correlation; rho_vs_s11_out is the SAME run at the reporting stage, which is what says whether the perturbed coordinates are the address the paper reports"
I1_spatial,evaluation,7fdf5f9f2ace98ef03a6267455daa1104b92b6689c510ab8b1e5420340f27014,202a712d9392527cbf2fe99525a42a1d45d01aca,analysis/frozen_I1_spatial.py,reporting,vit_base|mixup,vit_base,mixup,saga,s1,e2r_vitb_mixup_saga_s1,in_b08,mad,10000,196,7.0157,0.337172,0.018438,0.070902,0.444674,1,0.024139,0.952695,0.000638,0.910126,e2r_vitb_mixup_baseline_s1,0.729748,0.001913,0.471315,-0.064596,-0.028321,-3.51,1.0 = identical arrangement,"residual map correlation; rho_vs_s11_out is the SAME run at the reporting stage, which is what says whether the perturbed coordinates are the address the paper reports"
I1_spatial,evaluation,7fdf5f9f2ace98ef03a6267455daa1104b92b6689c510ab8b1e5420340f27014,202a712d9392527cbf2fe99525a42a1d45d01aca,analysis/frozen_I1_spatial.py,reporting,vit_small|mixup,vit_small,mixup,baseline,s1,e2r_vits_mixup_baseline_s1,in_b08,mad,10000,196,11.7258,0.311373,0.042588,0.112398,0.421762,1,0.027945,0.992794,0.000638,0.985089,MISSING,MISSING,MISSING,MISSING,MISSING,MISSING,MISSING,1.0 = identical arrangement,"residual map correlation; rho_vs_s11_out is the SAME run at the reporting stage, which is what says whether the perturbed coordinates are the address the paper reports"
I1_spatial,evaluation,7fdf5f9f2ace98ef03a6267455daa1104b92b6689c510ab8b1e5420340f27014,202a712d9392527cbf2fe99525a42a1d45d01aca,analysis/frozen_I1_spatial.py,reporting,vit_small|mixup,vit_small,mixup,baseline,s2,e2r_vits_mixup_baseline_s2,in_b08,mad,10000,196,13.929,0.269725,0.055463,0.119684,0.378067,1,0.023253,0.992327,0.000638,0.988273,MISSING,MISSING,MISSING,MISSING,MISSING,MISSING,MISSING,1.0 = identical arrangement,"residual map correlation; rho_vs_s11_out is the SAME run at the reporting stage, which is what says whether the perturbed coordinates are the address the paper reports"
I1_spatial,evaluation,7fdf5f9f2ace98ef03a6267455daa1104b92b6689c510ab8b1e5420340f27014,202a712d9392527cbf2fe99525a42a1d45d01aca,analysis/frozen_I1_spatial.py,reporting,vit_small|mixup,vit_small,mixup,saga,s1,e2r_vits_mixup_saga_s1,in_b08,mad,10000,196,13.9462,0.26983,0.051877,0.123143,0.388514,1,0.024624,0.988369,0.000638,0.990953,e2r_vits_mixup_baseline_s1,0.910774,0.000638,0.724712,-0.041543,-0.033248,2.2204,1.0 = identical arrangement,"residual map correlation; rho_vs_s11_out is the SAME run at the reporting stage, which is what says whether the perturbed coordinates are the address the paper reports"
I1_spatial,evaluation,7fdf5f9f2ace98ef03a6267455daa1104b92b6689c510ab8b1e5420340f27014,202a712d9392527cbf2fe99525a42a1d45d01aca,analysis/frozen_I1_spatial.py,reporting,vit_small|mixup,vit_small,mixup,saga,s2,e2r_vits_mixup_saga_s2,in_b08,mad,10000,196,13.6942,0.257703,0.056675,0.117625,0.377934,1,0.021366,0.994169,0.000638,0.991901,e2r_vits_mixup_baseline_s2,0.932874,0.000638,0.835307,-0.012021,-0.000134,-0.2348,1.0 = identical arrangement,"residual map correlation; rho_vs_s11_out is the SAME run at the reporting stage, which is what says whether the perturbed coordinates are the address the paper reports"
I1_spatial,evaluation,7fdf5f9f2ace98ef03a6267455daa1104b92b6689c510ab8b1e5420340f27014,202a712d9392527cbf2fe99525a42a1d45d01aca,analysis/frozen_I1_spatial.py,reporting,vit_small|nomix,vit_small,nomix,baseline,s1,e2r_vits_nomix_baseline_s1,in_b08,mad,10000,196,2.1833,0.165602,0.016194,0.010384,0.20927,0,0.003958,0.77354,0.000638,0.803004,MISSING,MISSING,MISSING,MISSING,MISSING,MISSING,MISSING,1.0 = identical arrangement,"residual map correlation; rho_vs_s11_out is the SAME run at the reporting stage, which is what says whether the perturbed coordinates are the address the paper reports"
I1_spatial,evaluation,7fdf5f9f2ace98ef03a6267455daa1104b92b6689c510ab8b1e5420340f27014,202a712d9392527cbf2fe99525a42a1d45d01aca,analysis/frozen_I1_spatial.py,reporting,vit_small|nomix,vit_small,nomix,baseline,s2,e2r_vits_nomix_baseline_s2,in_b08,mad,10000,196,3.1953,0.188195,0.022871,0.013548,0.186555,0,0.019064,0.635604,0.000638,0.803651,MISSING,MISSING,MISSING,MISSING,MISSING,MISSING,MISSING,1.0 = identical arrangement,"residual map correlation; rho_vs_s11_out is the SAME run at the reporting stage, which is what says whether the perturbed coordinates are the address the paper reports"
I1_spatial,evaluation,7fdf5f9f2ace98ef03a6267455daa1104b92b6689c510ab8b1e5420340f27014,202a712d9392527cbf2fe99525a42a1d45d01aca,analysis/frozen_I1_spatial.py,reporting,vit_small|nomix,vit_small,nomix,saga,s1,e2r_vits_nomix_saga_s1,in_b08,mad,10000,196,1.7353,0.225286,0.014977,0.008484,0.215121,0,0.004034,0.752441,0.000638,0.769144,e2r_vits_nomix_baseline_s1,0.802849,0.001276,0.739522,0.059684,0.005851,-0.448,1.0 = identical arrangement,"residual map correlation; rho_vs_s11_out is the SAME run at the reporting stage, which is what says whether the perturbed coordinates are the address the paper reports"
I1_spatial,evaluation,7fdf5f9f2ace98ef03a6267455daa1104b92b6689c510ab8b1e5420340f27014,202a712d9392527cbf2fe99525a42a1d45d01aca,analysis/frozen_I1_spatial.py,reporting,vit_small|nomix,vit_small,nomix,saga,s2,e2r_vits_nomix_saga_s2,in_b08,mad,10000,196,2.8111,0.069623,0.01546,0.014041,0.219772,6,0.000776,0.782226,0.000638,0.836494,e2r_vits_nomix_baseline_s2,0.832995,0.000638,0.614354,-0.118572,0.033216,-0.3842,1.0 = identical arrangement,"residual map correlation; rho_vs_s11_out is the SAME run at the reporting stage, which is what says whether the perturbed coordinates are the address the paper reports"
I1_spatial,evaluation,7fdf5f9f2ace98ef03a6267455daa1104b92b6689c510ab8b1e5420340f27014,202a712d9392527cbf2fe99525a42a1d45d01aca,analysis/frozen_I1_spatial.py,reporting,vit_base|mixup,vit_base,mixup,baseline,legacy-nomixdir,legacy_e2_vit_base_nomixdir_baseline,in_b08,mad,10000,196,12.1978,0.277422,0.039354,0.110541,0.398744,1,0.025175,0.958209,0.000638,0.935591,MISSING,MISSING,MISSING,MISSING,MISSING,MISSING,MISSING,1.0 = identical arrangement,"residual map correlation; rho_vs_s11_out is the SAME run at the reporting stage, which is what says whether the perturbed coordinates are the address the paper reports"
I1_spatial,evaluation,7fdf5f9f2ace98ef03a6267455daa1104b92b6689c510ab8b1e5420340f27014,202a712d9392527cbf2fe99525a42a1d45d01aca,analysis/frozen_I1_spatial.py,reporting,vit_base|mixup,vit_base,mixup,registers,legacy-nomixdir,legacy_e2_vit_base_nomixdir_registers,in_b08,mad,10000,196,0.9049,0.073237,0.00384,0.004759,0.231407,6,0.000357,0.085741,0.683673,0.28678,legacy_e2_vit_base_nomixdir_baseline,0.108235,0.455995,-0.079922,-0.204185,-0.167337,-11.2929,1.0 = identical arrangement,"residual map correlation; rho_vs_s11_out is the SAME run at the reporting stage, which is what says whether the perturbed coordinates are the address the paper reports"
I1_spatial,evaluation,7fdf5f9f2ace98ef03a6267455daa1104b92b6689c510ab8b1e5420340f27014,202a712d9392527cbf2fe99525a42a1d45d01aca,analysis/frozen_I1_spatial.py,reporting,vit_base|mixup,vit_base,mixup,saga,legacy-nomixdir,legacy_e2_vit_base_nomixdir_saga,in_b08,mad,10000,196,9.7202,0.262884,0.031652,0.085077,0.385116,1,0.01748,0.989234,0.000638,0.973105,legacy_e2_vit_base_nomixdir_baseline,0.857845,0.000638,0.561859,-0.014538,-0.013629,-2.4776,1.0 = identical arrangement,"residual map correlation; rho_vs_s11_out is the SAME run at the reporting stage, which is what says whether the perturbed coordinates are the address the paper reports"
I1_spatial,evaluation,7fdf5f9f2ace98ef03a6267455daa1104b92b6689c510ab8b1e5420340f27014,202a712d9392527cbf2fe99525a42a1d45d01aca,analysis/frozen_I1_spatial.py,reporting,vit_small|mixup,vit_small,mixup,baseline,legacy-mixupdir,legacy_e2_vit_small_mixupdir_baseline,in_b08,mad,10000,196,13.3682,0.275145,0.048383,0.114355,0.376386,1,0.022891,0.997616,0.000638,0.993262,MISSING,MISSING,MISSING,MISSING,MISSING,MISSING,MISSING,1.0 = identical arrangement,"residual map correlation; rho_vs_s11_out is the SAME run at the reporting stage, which is what says whether the perturbed coordinates are the address the paper reports"
I1_spatial,evaluation,7fdf5f9f2ace98ef03a6267455daa1104b92b6689c510ab8b1e5420340f27014,202a712d9392527cbf2fe99525a42a1d45d01aca,analysis/frozen_I1_spatial.py,reporting,vit_small|mixup,vit_small,mixup,registers,legacy-mixupdir,legacy_e2_vit_small_mixupdir_registers,in_b08,mad,10000,196,2.6998,0.057127,0.012919,0.013918,0.226832,6,0.000481,0.201009,0.049745,0.43502,legacy_e2_vit_small_mixupdir_baseline,0.013969,0.952806,0.304277,-0.218018,-0.149554,-10.6684,1.0 = identical arrangement,"residual map correlation; rho_vs_s11_out is the SAME run at the reporting stage, which is what says whether the perturbed coordinates are the address the paper reports"
I1_spatial,evaluation,7fdf5f9f2ace98ef03a6267455daa1104b92b6689c510ab8b1e5420340f27014,202a712d9392527cbf2fe99525a42a1d45d01aca,analysis/frozen_I1_spatial.py,reporting,vit_small|mixup,vit_small,mixup,saga,legacy-mixupdir,legacy_e2_vit_small_mixupdir_saga,in_b08,mad,10000,196,13.0205,0.252514,0.052877,0.111541,0.376929,1,0.0192,0.981899,0.000638,0.984331,legacy_e2_vit_small_mixupdir_baseline,0.90159,0.001276,0.76982,-0.022631,0.000543,-0.3477,1.0 = identical arrangement,"residual map correlation; rho_vs_s11_out is the SAME run at the reporting stage, which is what says whether the perturbed coordinates are the address the paper reports"
I1_spatial,evaluation,7fdf5f9f2ace98ef03a6267455daa1104b92b6689c510ab8b1e5420340f27014,202a712d9392527cbf2fe99525a42a1d45d01aca,analysis/frozen_I1_spatial.py,reporting,vit_small|mixup,vit_small,mixup,baseline,legacy-nomixdir,legacy_e2_vit_small_nomixdir_baseline,in_b08,mad,10000,196,11.8543,0.289983,0.041669,0.108732,0.403584,1,0.023658,0.988987,0.000638,0.973278,MISSING,MISSING,MISSING,MISSING,MISSING,MISSING,MISSING,1.0 = identical arrangement,"residual map correlation; rho_vs_s11_out is the SAME run at the reporting stage, which is what says whether the perturbed coordinates are the address the paper reports"
I1_spatial,evaluation,7fdf5f9f2ace98ef03a6267455daa1104b92b6689c510ab8b1e5420340f27014,202a712d9392527cbf2fe99525a42a1d45d01aca,analysis/frozen_I1_spatial.py,reporting,vit_small|mixup,vit_small,mixup,registers,legacy-nomixdir,legacy_e2_vit_small_nomixdir_registers,in_b08,mad,10000,196,4.0172,0.066352,0.017058,0.023975,0.262596,6,0.000751,0.808625,0.000638,0.780889,legacy_e2_vit_small_nomixdir_baseline,0.470793,0.01977,0.37872,-0.223631,-0.140988,-7.8371,1.0 = identical arrangement,"residual map correlation; rho_vs_s11_out is the SAME run at the reporting stage, which is what says whether the perturbed coordinates are the address the paper reports"
I1_spatial,evaluation,7fdf5f9f2ace98ef03a6267455daa1104b92b6689c510ab8b1e5420340f27014,202a712d9392527cbf2fe99525a42a1d45d01aca,analysis/frozen_I1_spatial.py,reporting,vit_small|mixup,vit_small,mixup,saga,legacy-nomixdir,legacy_e2_vit_small_nomixdir_saga,in_b08,mad,10000,196,12.9737,0.288287,0.049315,0.113618,0.385333,1,0.024913,0.98708,0.000638,0.985677,legacy_e2_vit_small_nomixdir_baseline,0.833546,0.001276,0.551956,-0.001696,-0.01825,1.1194,1.0 = identical arrangement,"residual map correlation; rho_vs_s11_out is the SAME run at the reporting stage, which is what says whether the perturbed coordinates are the address the paper reports"
