arch,recipe,variant,block,cls_norm_ratio,cls_attn_share,ckpt_sha256
vit_base,mixup,baseline,0,0.9439314699172974,0.21792434704303743,467daf9dfcfd712534737cf727ff05155b31e4905cd3597da766224526ba70a5
vit_base,mixup,baseline,1,0.9887426156044007,0.08521865344047547,467daf9dfcfd712534737cf727ff05155b31e4905cd3597da766224526ba70a5
vit_base,mixup,baseline,2,0.9244489350318909,0.057667645585536956,467daf9dfcfd712534737cf727ff05155b31e4905cd3597da766224526ba70a5
vit_base,mixup,baseline,3,0.8435657423973083,0.07527905503511428,467daf9dfcfd712534737cf727ff05155b31e4905cd3597da766224526ba70a5
vit_base,mixup,baseline,4,0.7419064563751221,0.07270576745271683,467daf9dfcfd712534737cf727ff05155b31e4905cd3597da766224526ba70a5
vit_base,mixup,baseline,5,0.6361256188392639,0.020050847724080084,467daf9dfcfd712534737cf727ff05155b31e4905cd3597da766224526ba70a5
vit_base,mixup,baseline,6,0.6296520463943481,0.012036638820171357,467daf9dfcfd712534737cf727ff05155b31e4905cd3597da766224526ba70a5
vit_base,mixup,baseline,7,0.6555499780654908,0.0063185130894184115,467daf9dfcfd712534737cf727ff05155b31e4905cd3597da766224526ba70a5
vit_base,mixup,baseline,8,0.6875759481430054,0.0032033346027135847,467daf9dfcfd712534737cf727ff05155b31e4905cd3597da766224526ba70a5
vit_base,mixup,baseline,9,0.6808515717506408,0.0021205600285902617,467daf9dfcfd712534737cf727ff05155b31e4905cd3597da766224526ba70a5
vit_base,mixup,baseline,10,0.6069128402709961,0.029612634575366975,467daf9dfcfd712534737cf727ff05155b31e4905cd3597da766224526ba70a5
vit_base,mixup,baseline,11,0.7258729121208191,0.006872717111557722,467daf9dfcfd712534737cf727ff05155b31e4905cd3597da766224526ba70a5
vit_base,mixup,registers,0,0.7990807163238526,0.05114283269643784,3e13c788fff6812a17ec0c04a2f1505a2e3af2a9c2db9d6afe9319084cdc1e53
vit_base,mixup,registers,1,0.9237462009429932,0.035335915809869764,3e13c788fff6812a17ec0c04a2f1505a2e3af2a9c2db9d6afe9319084cdc1e53
vit_base,mixup,registers,2,0.8744550721168518,0.015917547357082368,3e13c788fff6812a17ec0c04a2f1505a2e3af2a9c2db9d6afe9319084cdc1e53
vit_base,mixup,registers,3,0.8022056767463684,0.019746074372529985,3e13c788fff6812a17ec0c04a2f1505a2e3af2a9c2db9d6afe9319084cdc1e53
vit_base,mixup,registers,4,0.6332583075523377,0.016888100758194923,3e13c788fff6812a17ec0c04a2f1505a2e3af2a9c2db9d6afe9319084cdc1e53
vit_base,mixup,registers,5,0.5872061187744141,0.02260130845606327,3e13c788fff6812a17ec0c04a2f1505a2e3af2a9c2db9d6afe9319084cdc1e53
vit_base,mixup,registers,6,0.5556927679061889,0.010689256097376346,3e13c788fff6812a17ec0c04a2f1505a2e3af2a9c2db9d6afe9319084cdc1e53
vit_base,mixup,registers,7,0.5307541697502136,0.008181917828321457,3e13c788fff6812a17ec0c04a2f1505a2e3af2a9c2db9d6afe9319084cdc1e53
vit_base,mixup,registers,8,0.5334405881881714,0.010282227930426598,3e13c788fff6812a17ec0c04a2f1505a2e3af2a9c2db9d6afe9319084cdc1e53
vit_base,mixup,registers,9,0.5501902669906616,0.013562266400456428,3e13c788fff6812a17ec0c04a2f1505a2e3af2a9c2db9d6afe9319084cdc1e53
vit_base,mixup,registers,10,0.673555878162384,0.06919971140623092,3e13c788fff6812a17ec0c04a2f1505a2e3af2a9c2db9d6afe9319084cdc1e53
vit_base,mixup,registers,11,0.7016783222198486,0.33480354495048525,3e13c788fff6812a17ec0c04a2f1505a2e3af2a9c2db9d6afe9319084cdc1e53
vit_base,mixup,saga,0,1.360498761367798,0.14301235857009886,c10af1fd55c4c39b44a0be7adc6527e3b0619c9db6a2dc7072d98d9adc9246f5
vit_base,mixup,saga,1,1.4810487813949584,0.0664311334848404,c10af1fd55c4c39b44a0be7adc6527e3b0619c9db6a2dc7072d98d9adc9246f5
vit_base,mixup,saga,2,1.366742632293701,0.04659690694212913,c10af1fd55c4c39b44a0be7adc6527e3b0619c9db6a2dc7072d98d9adc9246f5
vit_base,mixup,saga,3,1.2688571197509766,0.03801952525377274,c10af1fd55c4c39b44a0be7adc6527e3b0619c9db6a2dc7072d98d9adc9246f5
vit_base,mixup,saga,4,1.1237844789505005,0.060710934102535245,c10af1fd55c4c39b44a0be7adc6527e3b0619c9db6a2dc7072d98d9adc9246f5
vit_base,mixup,saga,5,0.9937402648925782,0.047165627539157866,c10af1fd55c4c39b44a0be7adc6527e3b0619c9db6a2dc7072d98d9adc9246f5
vit_base,mixup,saga,6,0.917853981590271,0.017154645833373068,c10af1fd55c4c39b44a0be7adc6527e3b0619c9db6a2dc7072d98d9adc9246f5
vit_base,mixup,saga,7,0.8833298386573791,0.011787556153535843,c10af1fd55c4c39b44a0be7adc6527e3b0619c9db6a2dc7072d98d9adc9246f5
vit_base,mixup,saga,8,0.8786561235427857,0.011273157985508441,c10af1fd55c4c39b44a0be7adc6527e3b0619c9db6a2dc7072d98d9adc9246f5
vit_base,mixup,saga,9,0.9338308779716492,0.010971311692893506,c10af1fd55c4c39b44a0be7adc6527e3b0619c9db6a2dc7072d98d9adc9246f5
vit_base,mixup,saga,10,0.9837143629074097,0.02920776590406895,c10af1fd55c4c39b44a0be7adc6527e3b0619c9db6a2dc7072d98d9adc9246f5
vit_base,mixup,saga,11,1.076190475177765,0.005289100508391857,c10af1fd55c4c39b44a0be7adc6527e3b0619c9db6a2dc7072d98d9adc9246f5
vit_base,nomix,baseline,0,0.8769864410400391,0.2969727294921875,2a7f8c84dc32571e95dc3745422b4960f9dd602433cd42f1e16891b6c491cac5
vit_base,nomix,baseline,1,1.0202580635070801,0.11301182878017425,2a7f8c84dc32571e95dc3745422b4960f9dd602433cd42f1e16891b6c491cac5
vit_base,nomix,baseline,2,1.0022648170471191,0.06658532311916351,2a7f8c84dc32571e95dc3745422b4960f9dd602433cd42f1e16891b6c491cac5
vit_base,nomix,baseline,3,0.8886808765411377,0.10311975779533386,2a7f8c84dc32571e95dc3745422b4960f9dd602433cd42f1e16891b6c491cac5
vit_base,nomix,baseline,4,0.6710172067642212,0.048069877189397814,2a7f8c84dc32571e95dc3745422b4960f9dd602433cd42f1e16891b6c491cac5
vit_base,nomix,baseline,5,0.5882758749008179,0.02540766491293907,2a7f8c84dc32571e95dc3745422b4960f9dd602433cd42f1e16891b6c491cac5
vit_base,nomix,baseline,6,0.5267940135955811,0.020501866152882575,2a7f8c84dc32571e95dc3745422b4960f9dd602433cd42f1e16891b6c491cac5
vit_base,nomix,baseline,7,0.5212692650794983,0.017619842690229415,2a7f8c84dc32571e95dc3745422b4960f9dd602433cd42f1e16891b6c491cac5
vit_base,nomix,baseline,8,0.5221119659423828,0.023455688685178756,2a7f8c84dc32571e95dc3745422b4960f9dd602433cd42f1e16891b6c491cac5
vit_base,nomix,baseline,9,0.48718897843360903,0.04586098462343216,2a7f8c84dc32571e95dc3745422b4960f9dd602433cd42f1e16891b6c491cac5
vit_base,nomix,baseline,10,0.6860950699806213,0.14491245923042298,2a7f8c84dc32571e95dc3745422b4960f9dd602433cd42f1e16891b6c491cac5
vit_base,nomix,baseline,11,0.738845538520813,0.243720325422287,2a7f8c84dc32571e95dc3745422b4960f9dd602433cd42f1e16891b6c491cac5
vit_base,nomix,registers,0,0.7478644578933716,0.031108018144965173,82365a311187250c34965c93a13ab435adf7ac2ad655115c855f7708f6f8ddb1
vit_base,nomix,registers,1,0.8825436029434204,0.019788325729966163,82365a311187250c34965c93a13ab435adf7ac2ad655115c855f7708f6f8ddb1
vit_base,nomix,registers,2,0.8566148771286011,0.012700517162680626,82365a311187250c34965c93a13ab435adf7ac2ad655115c855f7708f6f8ddb1
vit_base,nomix,registers,3,0.774167741394043,0.022051169735193252,82365a311187250c34965c93a13ab435adf7ac2ad655115c855f7708f6f8ddb1
vit_base,nomix,registers,4,0.6414652349472046,0.027601300373673438,82365a311187250c34965c93a13ab435adf7ac2ad655115c855f7708f6f8ddb1
vit_base,nomix,registers,5,0.5432424221992492,0.02604604311585426,82365a311187250c34965c93a13ab435adf7ac2ad655115c855f7708f6f8ddb1
vit_base,nomix,registers,6,0.5367187501907349,0.009951888735592366,82365a311187250c34965c93a13ab435adf7ac2ad655115c855f7708f6f8ddb1
vit_base,nomix,registers,7,0.5587278367996216,0.009032512618601322,82365a311187250c34965c93a13ab435adf7ac2ad655115c855f7708f6f8ddb1
vit_base,nomix,registers,8,0.5913268005371094,0.004681713616102934,82365a311187250c34965c93a13ab435adf7ac2ad655115c855f7708f6f8ddb1
vit_base,nomix,registers,9,0.5169433843612671,0.008566705056279898,82365a311187250c34965c93a13ab435adf7ac2ad655115c855f7708f6f8ddb1
vit_base,nomix,registers,10,0.527402521276474,0.018344214153289795,82365a311187250c34965c93a13ab435adf7ac2ad655115c855f7708f6f8ddb1
vit_base,nomix,registers,11,0.6844852001190186,0.13416629400253297,82365a311187250c34965c93a13ab435adf7ac2ad655115c855f7708f6f8ddb1
vit_base,nomix,saga,0,1.308365959739685,0.20863468947410582,4a1c5a1fe54692afbffdc25f26b9491c255d826f27aefeec9b74cf775ba43ef2
vit_base,nomix,saga,1,1.5772505626678466,0.12286656932830811,4a1c5a1fe54692afbffdc25f26b9491c255d826f27aefeec9b74cf775ba43ef2
vit_base,nomix,saga,2,1.5052995162963867,0.06606182569265366,4a1c5a1fe54692afbffdc25f26b9491c255d826f27aefeec9b74cf775ba43ef2
vit_base,nomix,saga,3,1.3309502193450928,0.05396117333173752,4a1c5a1fe54692afbffdc25f26b9491c255d826f27aefeec9b74cf775ba43ef2
vit_base,nomix,saga,4,1.0332233638763428,0.11612570021152496,4a1c5a1fe54692afbffdc25f26b9491c255d826f27aefeec9b74cf775ba43ef2
vit_base,nomix,saga,5,0.7608614950180054,0.05098785912394524,4a1c5a1fe54692afbffdc25f26b9491c255d826f27aefeec9b74cf775ba43ef2
vit_base,nomix,saga,6,0.6607249956130982,0.01471427282989025,4a1c5a1fe54692afbffdc25f26b9491c255d826f27aefeec9b74cf775ba43ef2
vit_base,nomix,saga,7,0.6249121858596802,0.012059723784029483,4a1c5a1fe54692afbffdc25f26b9491c255d826f27aefeec9b74cf775ba43ef2
vit_base,nomix,saga,8,0.5836668978691101,0.03156818373799324,4a1c5a1fe54692afbffdc25f26b9491c255d826f27aefeec9b74cf775ba43ef2
vit_base,nomix,saga,9,0.5190060727119445,0.08050420317649841,4a1c5a1fe54692afbffdc25f26b9491c255d826f27aefeec9b74cf775ba43ef2
vit_base,nomix,saga,10,0.7181871803283691,0.11294923816919326,4a1c5a1fe54692afbffdc25f26b9491c255d826f27aefeec9b74cf775ba43ef2
vit_base,nomix,saga,11,0.8680742188453674,0.1618017388343811,4a1c5a1fe54692afbffdc25f26b9491c255d826f27aefeec9b74cf775ba43ef2
vit_small,mixup,baseline,0,0.8071500861167907,0.3507142327785492,cd926200127b98cbc597ddad82d84fd823376addc0ac1075a98de73b21e7d17d
vit_small,mixup,baseline,1,1.1379850593566894,0.1280538092136383,cd926200127b98cbc597ddad82d84fd823376addc0ac1075a98de73b21e7d17d
vit_small,mixup,baseline,2,1.1752612636566162,0.05793327140212059,cd926200127b98cbc597ddad82d84fd823376addc0ac1075a98de73b21e7d17d
vit_small,mixup,baseline,3,1.245681752204895,0.0761555040359497,cd926200127b98cbc597ddad82d84fd823376addc0ac1075a98de73b21e7d17d
vit_small,mixup,baseline,4,1.0450643991470336,0.09815867356061936,cd926200127b98cbc597ddad82d84fd823376addc0ac1075a98de73b21e7d17d
vit_small,mixup,baseline,5,0.8732583337783814,0.1121047652721405,cd926200127b98cbc597ddad82d84fd823376addc0ac1075a98de73b21e7d17d
vit_small,mixup,baseline,6,0.6462568846702575,0.025193815687298775,cd926200127b98cbc597ddad82d84fd823376addc0ac1075a98de73b21e7d17d
vit_small,mixup,baseline,7,0.5777979433059692,0.048051664280891415,cd926200127b98cbc597ddad82d84fd823376addc0ac1075a98de73b21e7d17d
vit_small,mixup,baseline,8,0.5867019596099854,0.017402722215652467,cd926200127b98cbc597ddad82d84fd823376addc0ac1075a98de73b21e7d17d
vit_small,mixup,baseline,9,0.5108912714004517,0.011733778339624405,cd926200127b98cbc597ddad82d84fd823376addc0ac1075a98de73b21e7d17d
vit_small,mixup,baseline,10,0.6419590494155883,0.039951738381385805,cd926200127b98cbc597ddad82d84fd823376addc0ac1075a98de73b21e7d17d
vit_small,mixup,baseline,11,0.6298720848083497,0.2685458028793335,cd926200127b98cbc597ddad82d84fd823376addc0ac1075a98de73b21e7d17d
vit_small,mixup,registers,0,0.8158429019927979,0.018277216348052024,e50859f062be20cf971cefac39fde542bd3dc47fa272f3ed78abc193b71a8a77
vit_small,mixup,registers,1,1.0411427053451539,0.018717117887735366,e50859f062be20cf971cefac39fde542bd3dc47fa272f3ed78abc193b71a8a77
vit_small,mixup,registers,2,1.0688597276687621,0.006418655802309513,e50859f062be20cf971cefac39fde542bd3dc47fa272f3ed78abc193b71a8a77
vit_small,mixup,registers,3,1.0740400491714477,0.012915717454254627,e50859f062be20cf971cefac39fde542bd3dc47fa272f3ed78abc193b71a8a77
vit_small,mixup,registers,4,0.9508429452896118,0.0063710681267082694,e50859f062be20cf971cefac39fde542bd3dc47fa272f3ed78abc193b71a8a77
vit_small,mixup,registers,5,0.7971305669784546,0.01717269752621651,e50859f062be20cf971cefac39fde542bd3dc47fa272f3ed78abc193b71a8a77
vit_small,mixup,registers,6,0.6527676931381226,0.021858990800380708,e50859f062be20cf971cefac39fde542bd3dc47fa272f3ed78abc193b71a8a77
vit_small,mixup,registers,7,0.6197285167694092,0.006462591306120157,e50859f062be20cf971cefac39fde542bd3dc47fa272f3ed78abc193b71a8a77
vit_small,mixup,registers,8,0.5641931457519531,0.012389739221334458,e50859f062be20cf971cefac39fde542bd3dc47fa272f3ed78abc193b71a8a77
vit_small,mixup,registers,9,0.5446782542228699,0.014478701531887055,e50859f062be20cf971cefac39fde542bd3dc47fa272f3ed78abc193b71a8a77
vit_small,mixup,registers,10,0.6784465606689453,0.061851681917905806,e50859f062be20cf971cefac39fde542bd3dc47fa272f3ed78abc193b71a8a77
vit_small,mixup,registers,11,0.6606013844490052,0.12307664189338684,e50859f062be20cf971cefac39fde542bd3dc47fa272f3ed78abc193b71a8a77
vit_small,mixup,saga,0,1.258752836418152,0.32379331679344175,92a03a4716ce07c0460eb132720d8a816aaa2bcde49713b86c57c774fef22995
vit_small,mixup,saga,1,1.4047329835891724,0.15280921099185943,92a03a4716ce07c0460eb132720d8a816aaa2bcde49713b86c57c774fef22995
vit_small,mixup,saga,2,1.475131196975708,0.010648735927045344,92a03a4716ce07c0460eb132720d8a816aaa2bcde49713b86c57c774fef22995
vit_small,mixup,saga,3,1.6185929567337036,0.09164806610345841,92a03a4716ce07c0460eb132720d8a816aaa2bcde49713b86c57c774fef22995
vit_small,mixup,saga,4,1.5618100803375243,0.09344395357370376,92a03a4716ce07c0460eb132720d8a816aaa2bcde49713b86c57c774fef22995
vit_small,mixup,saga,5,1.2469882652282716,0.1251892415523529,92a03a4716ce07c0460eb132720d8a816aaa2bcde49713b86c57c774fef22995
vit_small,mixup,saga,6,1.0018096817016602,0.11296615660190583,92a03a4716ce07c0460eb132720d8a816aaa2bcde49713b86c57c774fef22995
vit_small,mixup,saga,7,0.8081925477027893,0.05628178772330284,92a03a4716ce07c0460eb132720d8a816aaa2bcde49713b86c57c774fef22995
vit_small,mixup,saga,8,0.7065506989479065,0.04413087794780731,92a03a4716ce07c0460eb132720d8a816aaa2bcde49713b86c57c774fef22995
vit_small,mixup,saga,9,0.6009593971252442,0.04302476001977921,92a03a4716ce07c0460eb132720d8a816aaa2bcde49713b86c57c774fef22995
vit_small,mixup,saga,10,0.8271569463729859,0.02869589474797249,92a03a4716ce07c0460eb132720d8a816aaa2bcde49713b86c57c774fef22995
vit_small,mixup,saga,11,0.8407305574417114,0.06703705778121949,92a03a4716ce07c0460eb132720d8a816aaa2bcde49713b86c57c774fef22995
vit_small,nomix,baseline,0,0.7503917438507081,0.30514120326042177,8d980da27a4b571a117e82451c8c9deff126e437206faee5120e069d3667e10d
vit_small,nomix,baseline,1,1.0273100217819213,0.11071102652549744,8d980da27a4b571a117e82451c8c9deff126e437206faee5120e069d3667e10d
vit_small,nomix,baseline,2,1.1310132524490357,0.029663308402895928,8d980da27a4b571a117e82451c8c9deff126e437206faee5120e069d3667e10d
vit_small,nomix,baseline,3,1.132393794631958,0.078603289103508,8d980da27a4b571a117e82451c8c9deff126e437206faee5120e069d3667e10d
vit_small,nomix,baseline,4,1.0484695514678954,0.11214985874891281,8d980da27a4b571a117e82451c8c9deff126e437206faee5120e069d3667e10d
vit_small,nomix,baseline,5,0.8336108932495118,0.04820762565135956,8d980da27a4b571a117e82451c8c9deff126e437206faee5120e069d3667e10d
vit_small,nomix,baseline,6,0.6488758909225464,0.08419730812311173,8d980da27a4b571a117e82451c8c9deff126e437206faee5120e069d3667e10d
vit_small,nomix,baseline,7,0.5997410462379456,0.020878530663251876,8d980da27a4b571a117e82451c8c9deff126e437206faee5120e069d3667e10d
vit_small,nomix,baseline,8,0.6011552963256835,0.0245057375818491,8d980da27a4b571a117e82451c8c9deff126e437206faee5120e069d3667e10d
vit_small,nomix,baseline,9,0.5401621156692505,0.019532787075638772,8d980da27a4b571a117e82451c8c9deff126e437206faee5120e069d3667e10d
vit_small,nomix,baseline,10,0.710544034576416,0.040539611774683,8d980da27a4b571a117e82451c8c9deff126e437206faee5120e069d3667e10d
vit_small,nomix,baseline,11,0.6297953771591187,0.26708920044898987,8d980da27a4b571a117e82451c8c9deff126e437206faee5120e069d3667e10d
vit_small,nomix,registers,0,0.9710615734100342,0.021788275995850565,7ca33ed755106aa7f0d0b02ebf6ceb003808fc5dc3f78699538de1fba820e536
vit_small,nomix,registers,1,1.1295408203125,0.021324888962507248,7ca33ed755106aa7f0d0b02ebf6ceb003808fc5dc3f78699538de1fba820e536
vit_small,nomix,registers,2,1.147144213294983,0.01785815743803978,7ca33ed755106aa7f0d0b02ebf6ceb003808fc5dc3f78699538de1fba820e536
vit_small,nomix,registers,3,1.165796598625183,0.009293552424013614,7ca33ed755106aa7f0d0b02ebf6ceb003808fc5dc3f78699538de1fba820e536
vit_small,nomix,registers,4,1.0158939086914063,0.013856942436099053,7ca33ed755106aa7f0d0b02ebf6ceb003808fc5dc3f78699538de1fba820e536
vit_small,nomix,registers,5,0.9088056305885315,0.03230731189846992,7ca33ed755106aa7f0d0b02ebf6ceb003808fc5dc3f78699538de1fba820e536
vit_small,nomix,registers,6,0.6542156066894531,0.01044168080985546,7ca33ed755106aa7f0d0b02ebf6ceb003808fc5dc3f78699538de1fba820e536
vit_small,nomix,registers,7,0.6025330985069275,0.012096100133657455,7ca33ed755106aa7f0d0b02ebf6ceb003808fc5dc3f78699538de1fba820e536
vit_small,nomix,registers,8,0.5535515472412109,0.012669760324060917,7ca33ed755106aa7f0d0b02ebf6ceb003808fc5dc3f78699538de1fba820e536
vit_small,nomix,registers,9,0.5354320277214051,0.01062399231940508,7ca33ed755106aa7f0d0b02ebf6ceb003808fc5dc3f78699538de1fba820e536
vit_small,nomix,registers,10,0.6967455533981324,0.020618536388874054,7ca33ed755106aa7f0d0b02ebf6ceb003808fc5dc3f78699538de1fba820e536
vit_small,nomix,registers,11,0.6666198633193969,0.10925861504077912,7ca33ed755106aa7f0d0b02ebf6ceb003808fc5dc3f78699538de1fba820e536
vit_small,nomix,saga,0,1.0180935459136964,0.29057768058776856,a482f5286b2c43ffa8d9f6606b1af24d06962421b808babfdd6b123a56b0f9ee
vit_small,nomix,saga,1,1.3136781133651734,0.12384296643733979,a482f5286b2c43ffa8d9f6606b1af24d06962421b808babfdd6b123a56b0f9ee
vit_small,nomix,saga,2,1.4973640159606934,0.11222464660406113,a482f5286b2c43ffa8d9f6606b1af24d06962421b808babfdd6b123a56b0f9ee
vit_small,nomix,saga,3,1.4913100025177002,0.010408251902461052,a482f5286b2c43ffa8d9f6606b1af24d06962421b808babfdd6b123a56b0f9ee
vit_small,nomix,saga,4,1.4888692966461181,0.10633578552007675,a482f5286b2c43ffa8d9f6606b1af24d06962421b808babfdd6b123a56b0f9ee
vit_small,nomix,saga,5,1.25684917678833,0.114652370262146,a482f5286b2c43ffa8d9f6606b1af24d06962421b808babfdd6b123a56b0f9ee
vit_small,nomix,saga,6,1.0309226596832275,0.17296657030582427,a482f5286b2c43ffa8d9f6606b1af24d06962421b808babfdd6b123a56b0f9ee
vit_small,nomix,saga,7,0.8064864694595337,0.06834593795537948,a482f5286b2c43ffa8d9f6606b1af24d06962421b808babfdd6b123a56b0f9ee
vit_small,nomix,saga,8,0.6654989412307739,0.030874433594942092,a482f5286b2c43ffa8d9f6606b1af24d06962421b808babfdd6b123a56b0f9ee
vit_small,nomix,saga,9,0.5783671242713928,0.04047477674484253,a482f5286b2c43ffa8d9f6606b1af24d06962421b808babfdd6b123a56b0f9ee
vit_small,nomix,saga,10,0.7959551908493042,0.03386651458740234,a482f5286b2c43ffa8d9f6606b1af24d06962421b808babfdd6b123a56b0f9ee
vit_small,nomix,saga,11,0.7979290561676026,0.14424805943965913,a482f5286b2c43ffa8d9f6606b1af24d06962421b808babfdd6b123a56b0f9ee
