class_index,name,iou_frac,intersection,union,gt_pixels,pred_pixels
0,wall,0.719774,68423107,95061974,81041037,82444044
1,"building, edifice",0.789113,47917411,60723095,53170509,55469997
2,sky,0.940429,46306575,49239849,47676526,47869898
3,"floor, flooring",0.766421,28415720,37075842,32842524,32649038
4,tree,0.725898,22653387,31207380,25595703,28265064
5,ceiling,0.796444,18216999,22872931,20996774,20093156
6,"road, route",0.809856,17705494,21862511,19972693,19595312
7,bed,0.803568,9161754,11401345,10099567,10463532
8,"windowpane, window",0.580890,6818906,11738714,9001453,9556167
9,grass,0.623658,8019270,12858447,10409458,10468259
10,cabinet,0.506368,5661120,11179855,8761118,8079857
11,"sidewalk, pavement",0.578904,5085748,8785129,6685315,7185562
12,"person, individual, someone, somebody, mortal, soul",0.747445,8451775,11307550,9341046,10418279
13,"earth, ground",0.412697,4857884,11771073,9032502,7596455
14,"door, double door",0.380939,2831848,7433856,5566448,4699256
15,table,0.484379,3384653,6987609,5323516,5048746
16,"mountain, mount",0.626119,6339233,10124640,8368726,8095147
17,"plant, flora, plant life",0.438491,3898144,8889915,7191545,5596514
18,"curtain, drape, drapery, mantle, pall",0.673434,4069214,6042480,4947969,5163725
19,chair,0.443556,2979609,6717543,4896151,4801001
20,"car, auto, automobile, machine, motorcar",0.784138,3677915,4690394,4047591,4320718
21,water,0.578454,3233430,5589778,4335987,4487221
22,"painting, picture",0.629993,2289442,3634076,2790615,3132903
23,"sofa, couch, lounge",0.503489,1874003,3722032,2638434,2957601
24,shelf,0.371262,1739839,4686285,3335280,3090844
25,house,0.426702,1999331,4685542,3518102,3166771
26,sea,0.786131,3082608,3921238,3382044,3621802
27,mirror,0.535456,1477909,2760096,2160334,2077671
28,"rug, carpet, carpeting",0.554700,1358455,2448989,2132221,1675223
29,field,0.450835,2095869,4648860,3259690,3485039
30,armchair,0.309755,760819,2456199,1652382,1564636
31,seat,0.540580,1600012,2959804,2102846,2456970
32,"fence, fencing",0.344195,795057,2309905,1669450,1435512
33,desk,0.390045,836542,2144730,1323196,1658076
34,"rock, stone",0.437169,1509457,3452797,2091399,2870855
35,"wardrobe, closet, press",0.465243,1106765,2378897,1852969,1632693
36,lamp,0.480692,698521,1453158,1074190,1077489
37,"bathtub, bathing tub, bath, tub",0.692633,1050865,1517203,1220716,1347352
38,"railing, rail",0.306934,596013,1941825,1370847,1166991
39,cushion,0.485761,719841,1481882,1054033,1147690
40,"base, pedestal, stand",0.127528,259786,2037095,1332490,964391
41,box,0.200848,349458,1739915,1277442,811931
42,"column, pillar",0.368761,613748,1664351,1314930,963169
43,"signboard, sign",0.310920,449549,1445869,1021529,873889
44,"chest of drawers, chest, bureau, dresser",0.381561,472980,1239593,792513,920060
45,counter,0.260115,346746,1333047,987802,691991
46,sand,0.613962,1337833,2179017,1745553,1771297
47,sink,0.587277,566786,965109,814011,717884
48,skyscraper,0.658895,1932922,2933581,2260867,2605636
49,"fireplace, hearth, open fireplace",0.596463,550520,922974,688848,784646
50,"refrigerator, icebox",0.565506,689999,1220144,909343,1000800
51,"grandstand, covered stand",0.414631,474818,1145158,729145,890831
52,path,0.137495,222564,1618712,1002069,839207
53,"stairs, steps",0.225614,316408,1402429,984808,734029
54,runway,0.609672,834942,1369494,1040193,1164243
55,"case, display case, showcase, vitrine",0.381759,729026,1909652,1111345,1527333
56,"pool table, billiard table, snooker table",0.870840,679112,779836,692276,766672
57,pillow,0.346816,305143,879840,779502,405481
58,"screen door, screen",0.569120,495388,870445,651880,713953
59,"stairway, staircase",0.393804,418421,1062510,714887,766044
60,river,0.328279,710985,2165795,1125683,1751097
61,"bridge, span",0.355409,390867,1099768,760820,729815
62,bookcase,0.373429,466841,1250146,825270,891717
63,"blind, screen",0.352101,355639,1010047,937234,428452
64,"coffee table, cocktail table",0.501066,413697,825634,640359,598972
65,"toilet, can, commode, crapper, pot, potty, stool, throne",0.714487,546975,765549,675572,636952
66,flower,0.295852,339563,1147746,726622,760687
67,book,0.346444,479339,1383596,837154,1025781
68,hill,0.091342,91181,998234,683459,405956
69,bench,0.379243,367610,969327,749265,587672
70,countertop,0.507892,291025,573006,411632,452399
71,"stove, kitchen stove, range, kitchen range, cooking stove",0.577259,521177,902848,711779,712246
72,"palm, palm tree",0.491517,291785,593642,435091,450336
73,kitchen island,0.378795,168027,443583,260963,350647
74,"computer, computing machine, computing device, data processor, electronic computer, information processing system",0.514963,420753,817055,635721,602087
75,swivel chair,0.351246,278874,793956,526118,546712
76,boat,0.501167,203547,406146,302428,307265
77,bar,0.361278,418380,1158055,896486,679949
78,arcade machine,0.615642,255969,415776,356865,314880
79,"hovel, hut, hutch, shack, shanty",0.316406,236466,747351,528510,455307
80,"bus, autobus, coach, charabanc, double-decker, jitney, motorbus, motorcoach, omnibus, passenger vehicle",0.701600,286962,409011,323662,372311
81,towel,0.413933,234948,567599,378553,423994
82,"light, light source",0.470350,245834,522662,445624,322872
83,"truck, motortruck",0.229309,61927,270059,205489,126497
84,tower,0.422412,172558,408506,326035,255029
85,"chandelier, pendant, pendent",0.489273,253155,517410,395707,374858
86,"awning, sunshade, sunblind",0.244481,100716,411958,331037,181637
87,"streetlight, street lamp",0.168101,71187,423478,339069,155596
88,"booth, cubicle, stall, kiosk",0.275640,161149,584636,409536,336249
89,"television receiver, television, television set, tv, tv set, idiot box, boob tube, telly, goggle box",0.583899,238302,408122,335396,311028
90,"airplane, aeroplane, plane",0.515806,135006,261738,191337,205407
91,dirt track,0.000171,31,181519,103796,77754
92,"apparel, wearing apparel, dress, clothes",0.300133,86113,286916,167764,205265
93,pole,0.182652,73893,404556,308290,170159
94,"land, ground, soil",0.052549,29964,570213,318743,281434
95,"bannister, banister, balustrade, balusters, handrail",0.052448,23816,454088,290947,186957
96,"escalator, moving staircase, moving stairway",0.506800,315743,623013,405344,533412
97,"ottoman, pouf, pouffe, puff, hassock",0.319910,114116,356713,247159,223670
98,bottle,0.310370,161967,521852,269972,413847
99,"buffet, counter, sideboard",0.451104,211905,469748,355546,326107
100,"poster, posting, placard, notice, bill, card",0.256207,123219,480936,285418,318737
101,stage,0.177794,135570,762513,238580,659503
102,van,0.343191,98203,286147,226385,157965
103,ship,0.526098,170278,323662,223751,270189
104,fountain,0.493153,166257,337131,298237,205151
105,"conveyer belt, conveyor belt, conveyer, conveyor, transporter",0.486930,137511,282404,177374,242541
106,canopy,0.226988,115171,507387,441602,180956
107,"washer, automatic washer, washing machine",0.676212,409957,606255,520109,496103
108,"plaything, toy",0.160755,43053,267817,152264,158606
109,"swimming pool, swimming bath, natatorium",0.755248,204238,270425,236349,238314
110,stool,0.264975,106083,400351,244720,261714
111,"barrel, cask",0.343532,13238,38535,24986,26787
112,"basket, handbasket",0.252449,98371,389667,338882,149156
113,"waterfall, falls",0.652075,390209,598411,480656,507964
114,"tent, collapsible shelter",0.816872,212706,260391,215186,257911
115,bag,0.102381,41314,403533,338386,106461
116,"minibike, motorbike",0.618061,102215,165380,136671,130924
117,cradle,0.665097,224181,337065,235056,326190
118,oven,0.207197,47638,229917,137486,140069
119,ball,0.414393,58949,142254,127958,73245
120,"food, solid food",0.499837,400920,802102,633841,569181
121,"step, stair",0.055683,19518,350518,212600,157436
122,"tank, storage tank",0.460489,336503,730751,643388,423866
123,"trade name, brand name, brand, marque",0.325892,183736,563794,457463,290067
124,"microwave, microwave oven",0.613148,353671,576812,470828,459655
125,"pot, flowerpot",0.264054,102975,389977,313813,179139
126,"animal, animate being, beast, brute, creature, fauna",0.571271,264030,462180,440188,286022
127,"bicycle, bike, wheel, cycle",0.484486,75822,156500,99487,132835
128,lake,0.368691,189028,512700,482937,218791
129,"dishwasher, dish washer, dishwashing machine",0.452536,104854,231703,186946,149611
130,"screen, silver screen, projection screen",0.432151,164350,380307,270451,274206
131,"blanket, cover",0.097213,32065,329843,279482,82426
132,sculpture,0.384522,88397,229888,151644,166641
133,"hood, exhaust hood",0.430650,75194,174606,148143,101657
134,sconce,0.231909,41540,179122,159611,61051
135,vase,0.196181,39282,200233,120904,118611
136,"traffic light, traffic signal, stoplight",0.264787,54052,204134,129032,129154
137,tray,0.025404,8149,320771,188601,140319
138,"ashcan, trash can, garbage can, wastebin, ash bin, ash-bin, ashbin, dustbin, trash barrel, trash bin",0.264530,58304,220406,181689,97021
139,fan,0.497899,75378,151392,123739,103031
140,"pier, wharf, wharfage, dock",0.327439,32167,98238,65381,65024
141,crt screen,0.056220,17779,316241,131564,202456
142,plate,0.402852,105076,260830,198228,167678
143,"monitor, monitoring device",0.052489,19104,363959,219011,164052
144,"bulletin board, notice board",0.336669,101730,302166,215401,188495
145,shower,0.006170,682,110532,58096,53118
146,radiator,0.412406,85418,207121,161519,131020
147,"glass, drinking glass",0.036217,7850,216748,200834,23764
148,clock,0.131811,20144,152825,91659,81310
149,flag,0.387094,66545,171909,153615,84839
